date,CL=F,RB=F,HO=F,portfolio_pnl
2018-01-03,37800.06408691406,-28811.97452545166,-12432.060241699219,-3443.9706802368164
2018-01-04,11399.917602539062,-7811.994552612305,4620.065689086914,8207.988739013672
2018-01-05,-17099.990844726562,17556.00929260254,7685.9235763549805,8141.942024230957
2018-01-08,8700.027465820312,-5040.035247802734,5586.075782775879,9246.068000793457
2018-01-09,36899.986267089844,-37295.98045349121,-8736.047744750977,-9132.041931152344
2018-01-10,18300.018310546875,2939.9871826171875,-6089.959144592285,15150.046348571777
2018-01-11,6899.986267089844,-3611.9985580444336,1679.978370666504,4967.966079711914
2018-01-12,15000.114440917969,-10499.939918518066,-3486.027717590332,1014.1468048095703
2018-01-16,-17100.10528564453,9323.945045471191,9072.003364562988,1295.8431243896484
2018-01-17,7200.050354003906,-16799.983978271484,-2393.946647644043,-11993.880271911621
2018-01-18,-600.0137329101562,-21083.993911743164,3107.914924621582,-18576.09272003174
2018-01-19,-17400.054931640625,16715.970039367676,1386.0797882080078,701.9948959350586
2018-01-22,3600.0823974609375,-13859.996795654297,629.9543380737305,-9629.960060119629
2018-01-23,29399.986267089844,-24023.98109436035,-12264.032363891602,-6888.027191162109
2018-01-24,34199.981689453125,-6467.9718017578125,-8399.991989135742,19332.01789855957
2018-01-25,-2999.9542236328125,839.9391174316406,-3905.9972763061523,-6066.012382507324
2018-01-26,18899.917602539062,-18732.004165649414,-8651.933670043945,-8484.020233154297
2018-01-29,-17400.054931640625,2351.98974609375,13103.971481323242,-1944.0937042236328
2018-01-30,-31799.9267578125,33179.99839782715,13901.95369720459,15282.025337219238
2018-01-31,6900.1007080078125,-10163.984298706055,1050.0240325927734,-2213.8595581054688
2018-02-01,32099.990844726562,9828.028678894043,-8903.975486755371,33024.044036865234
2018-02-02,-10500.18310546875,19992.012977600098,15498.018264770508,24989.848136901855
2018-02-05,-38999.86267089844,21335.935592651367,14238.009452819824,-3425.917625427246
2018-02-06,-22800.064086914062,34776.06296539307,14489.951133728027,26465.95001220703
2018-02-07,-47999.95422363281,32927.95658111572,22595.994472503662,7523.996829986572
2018-02-08,-19199.981689453125,840.0392532348633,4199.995994567871,-14159.94644165039
2018-02-09,-58500.022888183594,54432.02018737793,27804.007530212402,23736.00482940674
2018-02-12,2700.0045776367188,18227.920532226562,6804.027557373047,27731.952667236328
2018-02-13,-3000.0686645507812,-5711.946487426758,839.989185333252,-7872.025966644287
2018-02-14,42299.99542236328,-23268.05591583252,-19950.006008148193,-918.0665016174316
2018-02-15,22200.050354003906,-19151.973724365234,-3024.001121520996,24.07550811767578
2018-02-16,10200.004577636719,-12684.001922607422,-7896.008491516113,-10380.005836486816
2018-02-20,6600.03662109375,503.9834976196289,-7266.0040855407715,-161.98396682739258
2018-02-21,-6600.03662109375,-5879.974365234375,-1931.9701194763184,-14411.981105804443
2018-02-22,32700.00457763672,-7055.96923828125,-8568.01986694336,17076.01547241211
2018-02-23,23399.96337890625,-35952.05783843994,-7014.012336730957,-19566.10679626465
2018-02-26,10800.018310546875,-15287.933349609375,-6929.998397827148,-11417.913436889648
2018-02-27,-27000.045776367188,19571.943283081055,9617.993831634521,2189.8913383483887
2018-02-28,-41099.96795654297,38388.0615234375,20748.038291931152,18036.131858825684
2018-03-01,-19499.93133544922,-116508.00704956055,11802.005767822266,-124205.9326171875
2018-03-02,7799.949645996094,-4199.995994567871,2477.9605865478516,6077.914237976074
2018-03-05,39599.99084472656,-28140.063285827637,-7181.990146636963,4277.937412261963
2018-03-06,899.96337890625,1512.0506286621094,-2772.0093727111816,-359.99536514282227
2018-03-07,-43499.908447265625,19151.973724365234,12053.99751663208,-12293.93720626831
2018-03-08,-30900.07781982422,35784.029960632324,6510.028839111328,11393.980979919434
2018-03-09,57600.059509277344,-30743.99471282959,-11550.014019012451,15306.050777435303
2018-03-12,-20400.009155273438,8651.933670043945,9198.024272918701,-2550.051212310791
2018-03-13,-19500.045776367188,6468.071937561035,-3864.0403747558594,-16896.01421356201
2018-03-14,7500.0,-31919.989585876465,-5543.968677520752,-29963.958263397217
2018-03-15,6899.986267089844,-420.06969451904297,-2436.0036849975586,4043.912887573242
2018-03-16,34500.04577636719,-17723.937034606934,-7938.015460968018,8838.093280792236
2018-03-19,-8399.96337890625,17639.923095703125,2016.0341262817383,11255.993843078613
2018-03-20,40200.00457763672,-34439.90707397461,-17850.008010864258,-12089.910507202148
2018-03-21,53099.89929199219,-38892.14515686035,-22764.02235031128,-8556.268215179443
2018-03-22,-26099.853515625,2184.162139892578,4787.993431091309,-19127.697944641113
2018-03-23,47399.82604980469,-20160.140991210938,-10961.966514587402,16277.718544006348
2018-03-26,-9899.826049804688,19488.02947998047,1427.9365539550781,11016.13998413086
2018-03-27,-9000.091552734375,-2603.931427001953,-3107.914924621582,-14711.93790435791
2018-03-28,-26100.082397460938,1595.9644317626953,3191.9288635253906,-21312.18910217285
2018-03-29,16800.155639648438,-5291.9769287109375,-5711.946487426758,5796.232223510742
2018-04-02,-57900.123596191406,43512.01057434082,20243.9546585083,5855.841636657715
2018-04-03,15000.0,-6720.013618469238,-6215.980052947998,2064.0063285827637
2018-04-04,-4199.981689453125,-2267.9758071899414,7433.981895446777,966.0243988037109
2018-04-05,5100.059509277344,-4032.0682525634766,336.00568771362305,1403.9969444274902
2018-04-06,-44399.986267089844,22596.044540405273,7854.001522064209,-13949.940204620361
2018-04-09,40799.903869628906,-24780.006408691406,-16296.000480651855,-276.10301971435547
2018-04-10,62700.11901855469,-47627.99263000488,-28643.996715545654,-13571.87032699585
2018-04-11,39299.9267578125,-22428.016662597656,-11717.991828918457,5153.918266296387
2018-04-12,7500.0,10920.00961303711,3737.969398498535,22157.979011535645
2018-04-13,9599.990844726562,-9071.903228759766,-6887.941360473633,-6359.853744506836
2018-04-16,-35099.945068359375,21419.849395751953,12557.930946350098,-1122.1647262573242
2018-04-17,8999.862670898438,-1091.8807983398438,5544.018745422363,13452.000617980957
2018-04-18,58500.13732910156,-22764.07241821289,-14279.966354370117,21456.098556518555
2018-04-19,-5400.0091552734375,-7643.9666748046875,-7686.023712158203,-20729.999542236328
2018-04-20,2699.89013671875,-15540.075302124023,-5711.946487426758,-18552.13165283203
2018-04-23,7800.0640869140625,-23351.869583129883,-7517.995834350586,-23069.801330566406
2018-04-24,-28200.0732421875,24192.00897216797,5585.975646972656,1577.911376953125
2018-04-25,10500.18310546875,4367.923736572266,-3527.984619140625,11340.12222290039
2018-04-26,4199.981689453125,-18983.945846557617,-10080.070495605469,-24864.03465270996
2018-04-27,-2700.1190185546875,-12264.032363891602,3822.0834732055664,-11142.067909240723
2018-04-30,14100.03662109375,-1932.0201873779297,-6929.998397827148,5238.018035888672
2018-05-01,-39599.99084472656,34943.99070739746,28433.961868286133,23777.96173095703
2018-05-02,20400.009155273438,6552.085876464844,-9156.017303466797,17796.077728271484
2018-05-03,15000.0,-6468.172073364258,3696.012496948242,12227.840423583984
2018-05-04,38700.02746582031,-22259.98878479004,-17346.02451324463,-905.9858322143555
2018-05-07,30300.064086914062,-16799.983978271484,-13019.957542419434,480.12256622314453
2018-05-08,-50100.17395019531,18984.146118164062,11465.950012207031,-19650.07781982422
2018-05-09,62400.054931640625,-46956.08139038086,-25325.946807861328,-9881.973266601562
2018-05-10,6600.03662109375,-18227.920532226562,-2016.0341262817383,-13643.91803741455
2018-05-11,-19800.10986328125,167.82760620117188,336.0557556152344,-19296.226501464844
2018-05-14,7800.0640869140625,-9575.986862182617,-11592.020988464355,-13367.94376373291
2018-05-15,10499.954223632812,-3863.840103149414,251.94168090820312,6888.055801391602
2018-05-16,5400.0091552734375,-37884.178161621094,-8484.00592803955,-40968.17493438721
2018-05-17,0.0,5712.146759033203,-4872.007369995117,840.1393890380859
2018-05-18,-6299.9725341796875,8231.964111328125,6426.0149002075195,8358.006477355957
2018-05-21,28799.972534179688,-19488.02947998047,-3485.9275817871094,5826.015472412109
2018-05-22,-3300.018310546875,-11508.007049560547,-2604.031562805176,-17412.056922912598
2018-05-23,-8700.027465820312,8484.106063842773,-4031.968116760254,-4247.889518737793
2018-05-24,-33899.91760253906,22091.960906982422,9617.94376373291,-2190.0129318237305
2018-05-25,-84900.05493164062,44015.89393615723,23898.01025390625,-16986.15074157715
2018-05-29,-34499.81689453125,31332.09228515625,10038.013458251953,6870.288848876953
2018-05-30,44399.871826171875,-33684.08203125,-19235.987663269043,-8520.197868347168
2018-05-31,-35099.945068359375,20076.026916503906,16925.954818725586,1902.0366668701172
2018-06-01,-36900.10070800781,14196.052551269531,6342.000961303711,-16362.04719543457
2018-06-04,-31799.9267578125,17639.923095703125,9996.05655670166,-4163.947105407715
2018-06-05,23099.899291992188,13608.055114746094,4578.008651733398,41285.96305847168
2018-06-06,-23699.798583984375,30408.039093017578,6299.943923950195,13008.184432983398
2018-06-07,36599.80773925781,-37632.036209106445,-22385.95962524414,-23418.188095092773
2018-06-08,-6299.9725341796875,-419.9695587158203,6551.985740661621,-167.95635223388672
2018-06-11,10800.018310546875,8736.047744750977,1511.9504928588867,21048.01654815674
2018-06-12,7800.0640869140625,12599.88784790039,-461.9264602661133,19938.02547454834
2018-06-13,8399.96337890625,-29652.013778686523,-9786.07177734375,-31038.122177124023
2018-06-14,7500.0,28727.96058654785,11088.037490844727,47315.99807739258
2018-06-15,-54900.054931640625,56952.0378112793,30114.04037475586,32166.02325439453
2018-06-18,23700.027465820312,-26375.9708404541,-18732.004165649414,-21407.947540283203
2018-06-19,-23399.96337890625,14028.024673461914,4115.9820556640625,-5255.956649780273
2018-06-20,34500.04577636719,12096.004486083984,6173.973083496094,52770.023345947266
2018-06-21,-20400.009155273438,9407.958984375,15539.9751663208,4547.924995422363
2018-06-22,91200.02746582031,-48887.901306152344,-23225.998878479004,19086.127281188965
2018-06-25,-15000.0,15959.844589233398,10500.040054321289,11459.884643554688
2018-06-26,73499.90844726562,-19403.915405273438,-12011.990547180176,42084.00249481201
2018-06-27,66900.10070800781,-49560.01281738281,-20244.054794311523,-2903.9669036865234
2018-06-28,20699.844360351562,587.9974365234375,-419.9695587158203,20867.87223815918
2018-06-29,21000.137329101562,-38808.03108215332,-13062.01457977295,-30869.908332824707
2018-07-02,-6299.9725341796875,62412.04261779785,22469.97356414795,78582.04364776611
2018-07-03,5999.908447265625,-10751.981735229492,-3527.984619140625,-8280.057907104492
2018-07-05,-35999.908447265625,-9828.128814697266,-6089.959144592285,-51917.996406555176
2018-07-06,25800.018310546875,17472.095489501953,4325.966835021973,47598.0806350708
2018-07-09,1499.8626708984375,-33599.96795654297,-11465.950012207031,-43566.05529785156
2018-07-10,7800.0640869140625,-9912.042617797852,-10962.066650390625,-13074.045181274414
2018-07-11,-111900.10070800781,83076.0669708252,50820.021629333496,21995.98789215088
2018-07-12,-1499.8626708984375,-8652.13394165039,-9366.002082824707,-19517.998695373535
2018-07-13,20400.009155273438,-29399.871826171875,-4325.966835021973,-13325.82950592041
2018-07-16,-88500.13732910156,87780.0464630127,33221.95529937744,32501.864433288574
2018-07-17,600.128173828125,-20076.026916503906,-6635.99967956543,-26111.89842224121
2018-07-18,20400.009155273438,-15372.047424316406,-8484.00592803955,-3456.0441970825195
2018-07-19,20999.908447265625,756.0253143310547,84.0139389038086,21839.94770050049
2018-07-20,30000.0,-21420.0496673584,-6005.945205688477,2574.005126953125
2018-07-23,-77099.99084472656,-18815.91796875,-5712.0466232299805,-101627.95543670654
2018-07-24,18899.917602539062,-3527.984619140625,-6132.016181945801,9239.916801452637
2018-07-25,23400.192260742188,-23100.128173828125,-7811.994552612305,-7511.930465698242
2018-07-26,9299.9267578125,-32928.056716918945,-10793.938636779785,-34422.06859588623
2018-07-27,-27599.945068359375,336.0557556152344,9113.960266113281,-18149.92904663086
2018-07-30,43199.84436035156,1344.0227508544922,-6635.99967956543,37907.867431640625
2018-07-31,-41099.853515625,26207.942962646484,16421.971321105957,1530.0607681274414
2018-08-01,-32999.95422363281,70560.09292602539,14490.05126953125,52050.18997192383
2018-08-02,38999.86267089844,-19320.00160217285,-14447.994232177734,5231.866836547852
2018-08-03,-14100.03662109375,2183.961868286133,2057.9910278320312,-9858.083724975586
2018-08-06,15600.128173828125,336.0557556152344,-5208.063125610352,10728.120803833008
2018-08-07,4799.8809814453125,-32676.115036010742,-12515.974044799805,-40392.208099365234
2018-08-08,-66899.87182617188,70980.06248474121,22428.016662597656,26508.207321166992
2018-08-09,-3900.146484375,16464.028358459473,1595.9644317626953,14159.846305847168
2018-08-10,24599.990844726562,-33012.070655822754,-11675.934791564941,-20088.014602661133
2018-08-13,-12900.009155273438,20580.110549926758,1133.9378356933594,8814.03923034668
2018-08-14,-4799.8809814453125,-16296.100616455078,3486.027717590332,-17609.95388031006
2018-08-15,-60899.96337890625,30828.0086517334,16086.015701293945,-13985.939025878906
2018-08-16,13499.908447265625,8399.991989135742,-2520.017623901367,19379.8828125
2018-08-17,13500.137329101562,5460.004806518555,-756.0253143310547,18204.116821289062
2018-08-20,15599.899291992188,-28727.96058654785,-6551.985740661621,-19680.047035217285
2018-08-21,27599.945068359375,-2351.98974609375,-4115.9820556640625,21131.973266601562
2018-08-22,15300.064086914062,-42084.07402038574,-18773.961067199707,-45557.97100067139
2018-08-23,-899.96337890625,7392.024993896484,-2982.044219970703,3510.0173950195312
2018-08-24,26699.981689453125,-15707.902908325195,-11255.965232849121,-263.8864517211914
2018-08-27,4500.0457763671875,-9828.128814697266,-5334.033966064453,-10662.117004394531
2018-08-28,-10200.119018554688,9156.017303466797,1469.9935913085938,425.8918762207031
2018-08-29,29400.100708007812,-22931.900024414062,-12893.986701965332,-6425.786018371582
2018-08-30,22199.935913085938,-31500.120162963867,-2604.031562805176,-11904.215812683105
2018-08-31,-13499.908447265625,-167.82760620117188,2939.9871826171875,-10727.74887084961
2018-09-04,2099.9908447265625,125579.91027832031,-5627.932548522949,122051.96857452393
2018-09-05,-34500.04577636719,24695.992469787598,8484.00592803955,-1320.047378540039
2018-09-06,-28500.137329101562,11592.020988464355,10667.967796325684,-6240.148544311523
2018-09-07,-599.8992919921875,-15960.044860839844,-3821.9833374023438,-20381.927490234375
2018-09-10,-6299.9725341796875,9072.003364562988,168.0278778076172,2940.058708190918
2018-09-11,51299.97253417969,-46199.95594024658,-14364.080429077148,-9264.063835144043
2018-09-12,33600.08239746094,-17304.067611694336,-2393.946647644043,13902.068138122559
2018-09-13,-53400.19226074219,35196.03252410889,14363.980293273926,-3840.179443359375
2018-09-14,12000.045776367188,19068.05992126465,6006.045341491699,37074.151039123535
2018-09-17,-2399.8260498046875,-5544.018745422363,1175.994873046875,-6767.849922180176
2018-09-18,28199.844360351562,-23604.01153564453,-12305.989265441895,-7710.156440734863
2018-09-19,38100.128173828125,-13271.99935913086,-4578.008651733398,20250.120162963867
2018-09-20,-9599.990844726562,5123.94905090332,7811.994552612305,3335.9527587890625
2018-09-21,-600.128173828125,-2100.048065185547,839.9391174316406,-1860.2371215820312
2018-09-24,39000.091552734375,-31583.833694458008,-25158.019065856934,-17741.761207580566
2018-09-25,5999.908447265625,-10920.00961303711,-8147.950172424316,-13068.0513381958
2018-09-26,-21299.972534179688,7727.880477905273,2310.032844543457,-11262.059211730957
2018-09-27,16500.091552734375,-20076.026916503906,-9786.07177734375,-13362.007141113281
2018-09-28,33899.91760253906,-15792.016983032227,-12053.947448730469,6053.953170776367
2018-10-01,61500.091552734375,-22091.960906982422,-23562.05463409424,15846.076011657715
2018-10-02,-2099.9908447265625,504.08363342285156,126.07097625732422,-1469.8362350463867
2018-10-03,35400.00915527344,-9156.017303466797,-12432.060241699219,13811.931610107422
2018-10-04,-62400.054931640625,31416.006088256836,15750.060081481934,-15233.988761901855
2018-10-05,299.835205078125,12011.890411376953,3108.0150604248047,15419.740676879883
2018-10-08,-1499.8626708984375,-6383.857727050781,-798.0823516845703,-8681.802749633789
2018-10-09,20099.945068359375,13691.96891784668,-12431.960105895996,21359.95388031006
2018-10-10,-53700.02746582031,47879.934310913086,12137.961387634277,6317.868232727051
2018-10-11,-65999.90844726562,73668.00785064697,26334.01393890381,34002.113342285156
2018-10-12,11099.853515625,-7811.994552612305,4578.008651733398,7865.867614746094
2018-10-15,13200.0732421875,-1932.0201873779297,-1848.006248474121,9420.04680633545
2018-10-16,4199.981689453125,-27719.993591308594,-6089.959144592285,-29609.971046447754
2018-10-17,-65099.945068359375,49224.0571975708,12221.975326538086,-3653.9125442504883
2018-10-18,-32999.95422363281,23183.94184112549,6804.027557373047,-3011.9848251342773
2018-10-19,14100.03662109375,-19151.973724365234,-2982.044219970703,-8033.9813232421875
2018-10-22,1499.8626708984375,6048.002243041992,-6761.970520019531,785.8943939208984
2018-10-23,-82199.93591308594,58716.03012084961,29274.001121520996,5790.095329284668
2018-10-24,11699.981689453125,12180.018424987793,-1554.0075302124023,22325.992584228516
2018-10-25,15300.064086914062,7896.008491516113,-10920.00961303711,12276.062965393066
2018-10-26,7799.835205078125,-1764.0924453735352,-10457.983016967773,-4422.240257263184
2018-10-29,-16499.862670898438,-8315.978050231934,7853.951454162598,-16961.889266967773
2018-10-30,-25800.018310546875,15960.044860839844,10290.055274963379,450.08182525634766
2018-10-31,-26100.082397460938,31835.975646972656,-840.0392532348633,4895.8539962768555
2018-11-01,-48599.96795654297,43259.968757629395,25620.04566192627,20280.046463012695
2018-11-02,-16499.977111816406,6888.0414962768555,11759.94873046875,2148.013114929199
2018-11-05,-1200.0274658203125,13775.982856750488,-9869.985580444336,2705.96981048584
2018-11-06,-26699.981689453125,-1763.9923095703125,3360.0568771362305,-25103.917121887207
2018-11-07,-16200.027465820312,39143.98670196533,-20495.996475219727,2447.962760925293
2018-11-08,-30000.0,2604.031562805176,28895.98846435547,1500.0200271606445
2018-11-09,-14399.986267089844,19235.987663269043,-1890.0632858276367,2945.9381103515625
2018-11-12,-7799.949645996094,-12852.029800415039,7223.997116088867,-13427.982330322266
2018-11-13,-127200.0503540039,78959.98477935791,39102.02980041504,-9138.035774230957
2018-11-14,16800.04119873047,-15035.991668701172,-14028.024673461914,-12263.975143432617
2018-11-15,6299.9725341796875,3360.0568771362305,9156.017303466797,18816.046714782715
2018-11-16,0.0,-17136.03973388672,168.0278778076172,-16968.0118560791
2018-11-19,8999.977111816406,-4956.021308898926,-5334.033966064453,-1290.0781631469727
2018-11-20,-99899.94049072266,73080.01041412354,40403.995513916016,13584.065437316895
2018-11-21,36000.022888183594,-12431.960105895996,8400.042057037354,31968.10483932495
2018-11-23,-126300.08697509766,100296.0205078125,39479.992389678955,13475.925922393799
2018-11-26,36300.086975097656,-43092.041015625,-7056.019306182861,-13847.973346710205
2018-11-27,-2099.9908447265625,18312.034606933594,2939.9871826171875,19152.03094482422
2018-11-28,-38100.013732910156,19235.987663269043,19992.012977600098,1127.9869079589844
2018-11-29,34799.99542236328,-47712.00656890869,-2184.011936187744,-15096.023082733154
2018-11-30,-15600.013732910156,11255.965232849121,-797.9822158813477,-5142.030715942383
2018-12-03,60600.013732910156,8316.078186035156,-17640.023231506348,51276.068687438965
2018-12-04,8999.977111816406,-10080.070495605469,-5627.982616424561,-6708.076000213623
2018-12-06,-52799.949645996094,8399.991989135742,17934.021949768066,-26465.935707092285
2018-12-07,33599.96795654297,-44015.99407196045,-11759.998798370361,-22176.02491378784
2018-12-10,-48300.018310546875,56196.01249694824,17681.98013305664,25577.974319458008
2018-12-11,19500.045776367188,-17556.00929260254,-1260.0088119506836,684.0276718139648
2018-12-12,-15000.0,16296.000480651855,-1596.0144996643066,-300.0140190124512
2018-12-13,42900.00915527344,-48551.94568634033,-10751.981735229492,-16403.918266296387
2018-12-14,-41400.03204345703,36876.01089477539,13104.021549224854,8580.000400543213
2018-12-17,-39599.99084472656,20075.926780700684,7811.994552612305,-11712.069511413574
2018-12-18,-109199.98168945312,50316.03813171387,30575.966835021973,-28307.976722717285
2018-12-19,28799.972534179688,-30071.983337402344,-21629.984378814697,-22901.995182037354
2018-12-20,-39599.99084472656,53675.994873046875,23394.02675628662,37470.03078460693
2018-12-21,-8700.027465820312,3443.9706802368164,7139.983177185059,1883.9263916015625
2018-12-24,-91800.04119873047,58379.974365234375,29610.00680923462,-3810.0600242614746
2018-12-26,110700.0732421875,-68543.95866394043,-29988.019466400146,12168.095111846924
2018-12-27,-48300.018310546875,22175.97484588623,23225.998878479004,-2898.0445861816406
2018-12-28,21600.03662109375,-18647.990226745605,5711.996555328369,8664.042949676514
2018-12-31,2399.9404907226562,2100.048065185547,-6761.970520019531,-2261.981964111328
2019-01-02,33900.03204345703,-1596.064567565918,-8316.028118133545,23987.93935775757
2019-01-03,16499.977111816406,-20075.926780700684,-17387.981414794922,-20963.9310836792
2019-01-04,26099.96795654297,1427.9365539550781,-11423.993110656738,16103.911399841309
2019-01-07,16800.04119873047,5879.974365234375,-3863.990306854248,18816.025257110596
2019-01-08,37799.949645996094,-18311.93447113037,-20412.03260421753,-924.0174293518066
2019-01-09,77400.05493164062,-52752.041816711426,-22595.994472503662,2052.018642425537
2019-01-10,6899.986267089844,-4451.937675476074,-10626.01089477539,-8177.962303161621
2019-01-11,-30000.0,25199.975967407227,11088.037490844727,6288.013458251953
2019-01-14,-32400.054931640625,30995.936393737793,11423.993110656738,10019.874572753906
2019-01-15,48000.06866455078,-39983.92581939697,-8274.02114868164,-257.87830352783203
2019-01-16,6000.022888183594,-3780.026435852051,-9408.009052276611,-7188.012599945068
2019-01-17,-7200.050354003906,-11843.962669372559,4326.016902923584,-14717.99612045288
2019-01-18,51899.986267089844,-19152.073860168457,-13314.006328582764,19433.906078338623
2019-01-22,-36899.986267089844,43092.041015625,6257.987022399902,12450.041770935059
2019-01-23,1499.9771118164062,13271.99935913086,5250.0200271606445,20021.99649810791
2019-01-24,15300.064086914062,-1595.9644317626953,1260.0088119506836,14964.10846710205
2019-01-25,16799.9267578125,-1512.0506286621094,-2645.9884643554688,12641.887664794922
2019-01-28,-50999.908447265625,47292.03701019287,22763.972282409668,19056.100845336914
2019-01-29,39599.99084472656,-14952.077865600586,-25116.01209640503,-468.09911727905273
2019-01-30,27599.945068359375,-26375.9708404541,-377.962589263916,846.0116386413574
2019-01-31,-13199.958801269531,16464.028358459473,8231.964111328125,11496.033668518066
2019-02-01,44099.92218017578,-62328.02867889404,-14238.009452819824,-32466.115951538086
2019-02-04,-20999.908447265625,3864.0403747558594,2226.0189056396484,-14909.849166870117
2019-02-05,-27000.045776367188,5375.990867614746,4157.989025115967,-17466.065883636475
2019-02-06,10499.954223632812,-27888.02146911621,-6173.973083496094,-23562.040328979492
2019-02-07,-41099.96795654297,27972.03540802002,4913.96427154541,-8213.968276977539
2019-02-08,2400.054931640625,-17304.067611694336,-3359.956741333008,-18263.96942138672
2019-02-11,-9300.041198730469,22848.0863571167,6845.98445892334,20394.02961730957
2019-02-12,20699.95880126953,-6720.013618469238,-6299.993991851807,7679.951190948486
2019-02-13,24000.091552734375,-31836.07578277588,-13271.99935913086,-21107.983589172363
2019-02-14,15299.949645996094,-36455.94120025635,-13776.0329246521,-34932.02447891235
2019-02-15,35400.00915527344,-54096.06456756592,-20453.93943786621,-39149.99485015869
2019-02-19,15000.0,7644.06681060791,10793.938636779785,33438.005447387695
2019-02-20,24899.940490722656,-28811.97452545166,-9953.999519348145,-13866.033554077148
2019-02-21,1200.0274658203125,-13692.069053649902,-7559.952735900879,-20051.99432373047
2019-02-22,8999.977111816406,2688.0455017089844,2183.961868286133,13871.984481811523
2019-02-25,-53399.96337890625,55439.98718261719,23730.032444000244,25770.05624771118
2019-02-26,600.0137329101562,-34524.02114868164,-10038.013458251953,-43962.02087402344
2019-02-27,43199.95880126953,-40067.93975830078,-9702.00777053833,-6569.98872756958
2019-02-28,8400.077819824219,3947.9541778564453,-797.9822158813477,11550.049781799316
2019-03-01,-42600.059509277344,-84839.95914459229,9450.016021728516,-117990.00263214111
2019-03-04,23700.027465820312,-15708.003044128418,-5586.075782775879,2405.9486389160156
2019-03-05,-899.96337890625,-15456.061363220215,-881.9961547851562,-17238.02089691162
2019-03-06,-10200.004577636719,-18144.006729125977,84.0139389038086,-28259.997367858887
2019-03-07,13199.958801269531,-13775.982856750488,1469.9935913085938,893.9695358276367
2019-03-08,-17700.00457763672,3108.0150604248047,5418.047904968262,-9173.941612243652
2019-03-11,21600.03662109375,-20411.982536315918,2351.98974609375,3540.043830871582
2019-03-12,2399.9404907226562,8819.961547851562,3569.9915885925293,14789.893627166748
2019-03-13,41699.981689453125,-34691.948890686035,-2687.995433807373,4320.037364959717
2019-03-14,10500.068664550781,6132.016181945801,3024.001121520996,19656.085968017578
2019-03-15,-2700.0045776367188,-6888.0414962768555,7223.997116088867,-2364.048957824707
2019-03-18,17099.990844726562,-21083.993911743164,-545.9904670715332,-4529.993534088135
2019-03-19,-1800.0411987304688,-8652.033805847168,-8987.98942565918,-19440.064430236816
2019-03-20,24000.091552734375,-19739.971160888672,-7434.031963348389,-3173.9115715026855
2019-03-21,4499.931335449219,-3108.0150604248047,8820.011615753174,10211.927890777588
2019-03-22,-28199.95880126953,-4703.9794921875,8904.025554656982,-23999.91273880005
2019-03-25,-6600.03662109375,-10079.970359802246,-6090.0092124938965,-22770.016193389893
2019-03-26,33599.96795654297,-14952.077865600586,-3990.011215209961,14657.878875732422
2019-03-27,-15899.96337890625,50568.07994842529,3905.9972763061523,38574.113845825195
2019-03-28,-3300.018310546875,13103.971481323242,3611.9985580444336,13415.9517288208
2019-03-29,25200.00457763672,-13187.98542022705,-587.9974365234375,11424.02172088623
2019-04-01,43500.022888183594,-2772.059440612793,-6174.023151397705,34553.940296173096
2019-04-02,29700.050354003906,-24864.020347595215,-8735.947608947754,-3899.9176025390625
2019-04-03,-3600.0823974609375,-19067.959785461426,881.9961547851562,-21786.046028137207
2019-04-04,-10800.018310546875,9491.972923278809,-2772.059440612793,-4080.1048278808594
2019-04-05,29400.100708007812,-24192.00897216797,-12179.91828918457,-6971.826553344727
2019-04-08,39599.99084472656,-16211.986541748047,-6174.073219299316,17213.9310836792
2019-04-09,-12600.059509277344,-9239.931106567383,5124.049186706543,-16715.941429138184
2019-04-10,18900.03204345703,-58968.071937561035,-17934.021949768066,-58002.06184387207
2019-04-11,-30899.96337890625,32172.03140258789,8568.01986694336,9840.087890625
2019-04-12,9299.9267578125,-5123.94905090332,-1469.9935913085938,2705.984115600586
2019-04-15,-14699.935913085938,21167.90771484375,4073.925018310547,10541.89682006836
2019-04-16,19500.045776367188,-16715.869903564453,-8903.975486755371,-6119.799613952637
2019-04-17,-8700.141906738281,-8484.106063842773,5460.004806518555,-11724.2431640625
2019-04-18,7200.050354003906,-25536.03172302246,-713.9682769775391,-19049.949645996094
2019-04-22,50999.908447265625,-48384.01794433594,-13902.053833007812,-11286.163330078125
2019-04-23,18000.18310546875,-1511.850357055664,-5879.974365234375,10608.358383178711
2019-04-24,-12300.10986328125,2603.931427001953,8105.993270874023,-1590.1851654052734
2019-04-25,-20400.009155273438,-3024.1012573242188,252.04181671142578,-23172.06859588623
2019-04-26,-57299.99542236328,26460.084915161133,19698.01425933838,-11141.89624786377
2019-04-29,6000.022888183594,14952.077865600586,-1554.0075302124023,19398.093223571777
2019-04-30,12299.995422363281,-33936.0237121582,-11045.980453491211,-32682.008743286133
2019-05-01,-9300.041198730469,49560.01281738281,-5460.004806518555,34799.96681213379
2019-05-02,-53699.913024902344,38555.88912963867,6887.941360473633,-8256.082534790039
2019-05-03,3899.9176025390625,-6887.941360473633,3192.0289993286133,204.00524139404297
2019-05-06,9300.041198730469,25115.962028503418,1091.9809341430664,35507.98416137695
2019-05-07,-25499.954223632812,40236.06777191162,12599.987983703613,27336.101531982422
2019-05-08,21599.92218017578,-22092.061042785645,-7811.994552612305,-8304.133415222168
2019-05-09,-12599.945068359375,-335.9556198120117,5291.9769287109375,-7643.923759460449
2019-05-10,-1200.0274658203125,-11508.007049560547,-2855.973243713379,-15564.007759094238
2019-05-13,-18599.96795654297,21335.935592651367,5040.035247802734,7776.002883911133
2019-05-14,22199.935913085938,-10919.909477233887,-8610.076904296875,2669.949531555176
2019-05-15,7200.050354003906,-30240.111351013184,-11507.906913757324,-34547.9679107666
2019-05-16,25499.954223632812,-41243.934631347656,-15498.018264770508,-31241.99867248535
2019-05-17,-3300.018310546875,12179.91828918457,11633.977890014648,20513.877868652344
2019-05-20,10200.004577636719,31416.006088256836,9197.97420501709,50813.984870910645
2019-05-21,-3299.9038696289062,-7895.908355712891,-2436.0036849975586,-13631.815910339355
2019-05-22,-47100.10528564453,23604.01153564453,12726.058959960938,-10770.034790039062
2019-05-23,-105299.9496459961,65435.943603515625,36413.984298706055,-3450.021743774414
2019-05-24,21600.03662109375,-17807.950973510742,-3738.0194664001465,54.06618118286133
2019-05-28,15299.949645996094,-18647.990226745605,-8903.975486755371,-12252.016067504883
2019-05-29,-9899.940490722656,9660.000801086426,10499.989986419678,10260.050296783447
2019-05-30,-66600.03662109375,55943.97068023682,22050.00400543213,11393.938064575195
2019-05-31,-92700.00457763672,64343.96266937256,30743.99471282959,2387.9528045654297
2019-06-03,-7500.0,50988.04950714111,14826.006889343262,58314.056396484375
2019-06-04,6899.986267089844,14363.980293273926,-6299.993991851807,14963.972568511963
2019-06-05,-53999.977111816406,26375.9708404541,17429.988384246826,-10194.017887115479
2019-06-06,27299.99542236328,-12431.960105895996,-3486.027717590332,11382.007598876953
2019-06-07,42000.04577636719,-26291.956901550293,-15329.99038696289,378.0984878540039
2019-06-10,-21900.100708007812,7223.997116088867,7769.9875831604,-6906.116008758545
2019-06-11,300.0640869140625,-21840.01922607422,-6635.99967956543,-28175.954818725586
2019-06-12,-63900.03204345703,58967.97180175781,17724.037170410156,12791.976928710938
2019-06-13,34199.981689453125,-28392.00496673584,-11214.008331298828,-5406.031608581543
2019-06-14,6899.986267089844,-10583.953857421875,-9575.986862182617,-13259.954452514648
2019-06-17,-17399.940490722656,35028.00464630127,12557.981014251709,30186.045169830322
2019-06-18,59100.03662109375,-25704.059600830078,-11886.019706726074,21509.957313537598
2019-06-19,-4200.096130371094,-11843.962669372559,-671.9613075256348,-16716.020107269287
2019-06-20,86700.0961303711,-42671.97132110596,-23058.021068572998,20970.10374069214
2019-06-21,23399.96337890625,-58632.0161819458,-13229.992389678955,-48462.045192718506
2019-06-24,14100.03662109375,1007.9669952392578,2897.980213165283,18005.98382949829
2019-06-25,-2099.9908447265625,-18732.004165649414,-6090.0092124938965,-26922.004222869873
2019-06-26,46499.977111816406,-78287.97340393066,-20117.9838180542,-51905.98011016846
2019-06-27,1499.9771118164062,19992.012977600098,7896.008491516113,29387.998580932617
2019-06-28,-28799.972534179688,3443.9706802368164,3317.999839782715,-22038.002014160156
2019-07-01,18599.96795654297,10079.970359802246,-3863.990306854248,24815.948009490967
2019-07-02,-85200.00457763672,50567.97981262207,28349.997997283936,-6282.026767730713
2019-07-03,32700.00457763672,-38975.958824157715,-5208.01305770874,-11483.967304229736
2019-07-05,5099.945068359375,-10751.981735229492,-2645.9884643554688,-8298.025131225586
2019-07-08,4500.0457763671875,23688.02547454834,4073.975086212158,32262.046337127686
2019-07-09,5100.059509277344,-21504.063606262207,-6425.964832305908,-22829.96892929077
2019-07-10,77999.95422363281,-65771.89922332764,-33768.0459022522,-21539.99090194702
2019-07-11,-6899.986267089844,13187.885284423828,5208.01305770874,11495.912075042725
2019-07-12,299.94964599609375,10500.040054321289,-630.0044059753418,10169.985294342041
2019-07-15,-18899.917602539062,39228.00064086914,11970.033645629883,32298.11668395996
2019-07-16,-58800.086975097656,32339.959144592285,19614.00032043457,-6846.127510070801
2019-07-17,-25200.00457763672,11004.023551940918,5165.956020355225,-9030.025005340576
2019-07-18,-44399.986267089844,37379.99439239502,12642.045021057129,5622.053146362305
2019-07-19,9900.054931640625,-5291.9769287109375,-11382.036209106445,-6773.958206176758
2019-07-22,17700.00457763672,10583.953857421875,-4157.989025115967,24125.969409942627
2019-07-23,16499.977111816406,-27383.93783569336,-9323.995113372803,-20207.955837249756
2019-07-24,-26699.981689453125,4535.951614379883,5460.004806518555,-16704.025268554688
2019-07-25,4199.981689453125,-21168.007850646973,-2351.98974609375,-19320.015907287598
2019-07-26,5400.0091552734375,4956.021308898926,4157.989025115967,14514.01948928833
2019-07-29,20099.945068359375,9240.031242370605,-2603.9814949035645,26735.994815826416
2019-07-30,35400.00915527344,-28140.063285827637,-14028.024673461914,-6768.078804016113
2019-07-31,15900.077819824219,-4283.909797668457,-4620.015621185303,6996.152400970459
2019-08-01,-138900.03204345703,127763.97228240967,42882.00616836548,31745.946407318115
2019-08-02,51299.97253417969,-26543.99871826172,-15665.996074676514,9089.977741241455
2019-08-05,-29100.03662109375,53339.93911743164,22932.000160217285,47171.902656555176
2019-08-06,-31799.9267578125,25788.073539733887,4872.007369995117,-1139.845848083496
2019-08-07,-76200.02746582031,56279.92630004883,29735.97764968872,9815.876483917236
2019-08-08,43500.022888183594,-21335.935592651367,-9827.978610992432,12336.108684539795
2019-08-09,58799.97253417969,-23772.03941345215,-13187.98542022705,21839.94770050049
2019-08-12,12900.009155273438,7392.024993896484,924.0031242370605,21216.037273406982
2019-08-13,65099.945068359375,-59808.011054992676,-30030.02643585205,-24738.09242248535
2019-08-14,-56099.96795654297,50904.035568237305,14111.988544464111,8916.056156158447
2019-08-15,-22799.949645996094,33095.98445892334,13859.996795654297,24156.031608581543
2019-08-16,11999.931335449219,-17136.03973388672,-881.9961547851562,-6018.104553222656
2019-08-19,40200.00457763672,-6383.957862854004,-8525.962829589844,25290.08388519287
2019-08-20,3900.0320434570312,-14028.024673461914,-8904.025554656982,-19032.018184661865
2019-08-21,-19799.99542236328,-10667.967796325684,-1260.0088119506836,-31727.97203063965
2019-08-22,-9900.054931640625,22091.960906982422,6720.013618469238,18911.919593811035
2019-08-23,-35400.00915527344,20748.038291931152,10793.988704681396,-3857.9821586608887
2019-08-26,-15899.96337890625,22091.960906982422,9744.014739990234,15936.012268066406
2019-08-27,38700.02746582031,-28055.949211120605,-9869.985580444336,774.0926742553711
2019-08-28,25499.954223632812,-27300.024032592773,-14741.992950439453,-16542.062759399414
2019-08-29,27900.009155273438,-1932.0201873779297,-5460.004806518555,20507.984161376953
2019-08-30,-48300.018310546875,59892.024993896484,15035.991668701172,26627.99835205078
2019-09-03,-34799.99542236328,120035.99166870117,10457.983016967773,95693.97926330566
2019-09-04,69599.99084472656,-52415.98606109619,-32298.002243041992,-15113.997459411621
2019-09-05,1200.0274658203125,-11004.023551940918,-3485.9776496887207,-13289.973735809326
2019-09-06,6600.03662109375,-23688.02547454834,-4956.021308898926,-22044.010162353516
2019-09-09,39899.940490722656,-8735.947608947754,-11508.007049560547,19655.985832214355
2019-09-10,-13499.908447265625,-5208.063125610352,-1469.9935913085938,-20177.96516418457
2019-09-11,-49500.04577636719,17556.00929260254,11759.998798370361,-20184.037685394287
2019-09-12,-19799.99542236328,14196.052551269531,7602.0097732543945,1998.0669021606445
2019-09-13,-7200.050354003906,-84.0139389038086,3066.0080909729004,-4218.056201934814
2019-09-16,241500.09155273438,-167412.04261779785,-86520.03765106201,-12431.988716125488
2019-09-17,-106800.04119873047,64932.06024169922,39564.056396484375,-2303.924560546875
2019-09-18,-36899.986267089844,14616.022109985352,6845.98445892334,-15437.979698181152
2019-09-19,600.0137329101562,-36120.08571624756,-13271.99935913086,-48792.07134246826
2019-09-20,-1200.0274658203125,18732.004165649414,7811.994552612305,25343.971252441406
2019-09-23,16499.977111816406,-4535.951614379883,-4493.99471282959,7470.030784606934
2019-09-24,-40499.95422363281,24780.006408691406,12347.996234893799,-3371.9515800476074
2019-09-25,-23999.977111816406,24443.950653076172,5754.003524780273,6197.977066040039
2019-09-26,-2400.054931640625,-30240.01121520996,-504.03356552124023,-33144.099712371826
2019-09-27,-15000.0,8232.064247131348,5670.039653778076,-1097.8960990905762
2019-09-30,-55200.00457763672,39059.97276306152,15120.00560760498,-1020.0262069702148
2019-10-01,-13500.022888183594,26208.043098449707,2981.994152069092,15690.014362335205
2019-10-02,-29399.986267089844,23687.925338745117,10709.974765777588,4997.913837432861
2019-10-03,-5699.958801269531,-8735.947608947754,-1260.0088119506836,-15695.915222167969
2019-10-04,10800.018310546875,-14700.03604888916,-7769.9875831604,-11670.005321502686
2019-10-07,-1800.0411987304688,3360.0568771362305,-3696.012496948242,-2135.9968185424805
2019-10-08,-3599.9679565429688,-9660.000801086426,-2855.973243713379,-16115.942001342773
2019-10-09,-1200.0274658203125,-5208.063125610352,-3863.990306854248,-10272.080898284912
2019-10-10,28799.972534179688,-30407.938957214355,-630.0044059753418,-2237.9708290100098
2019-10-11,34500.04577636719,-13020.057678222656,-15456.011295318604,6023.976802825928
2019-10-14,-33300.018310546875,21504.063606262207,17850.008010864258,6054.05330657959
2019-10-15,-23399.96337890625,-1008.0671310424805,2142.00496673584,-22266.02554321289
2019-10-16,16499.977111816406,-8735.947608947754,-13692.018985748291,-5927.989482879639
2019-10-17,17099.990844726562,1932.0201873779297,-2309.9827766418457,16722.028255462646
2019-10-18,-4500.0457763671875,-420.06969451904297,419.9695587158203,-4500.14591217041
2019-10-21,-14099.922180175781,13271.99935913086,2730.0024032592773,1902.0795822143555
2019-10-22,25499.954223632812,-1427.9365539550781,-1301.9657135009766,22770.051956176758
2019-10-23,54300.04119873047,-36120.08571624756,-8652.033805847168,9527.921676635742
2019-10-24,7799.949645996094,-9491.972923278809,-9239.981174468994,-10932.004451751709
2019-10-25,12900.009155273438,-8231.964111328125,2814.016342163086,7482.061386108398
2019-10-28,-25499.954223632812,168.0278778076172,7475.988864898682,-17855.937480926514
2019-10-29,-8100.013732910156,-10836.095809936523,2309.9827766418457,-16626.126766204834
2019-10-30,-14399.986267089844,17808.051109313965,17934.021949768066,21342.086791992188
2019-10-31,-26400.03204345703,27972.03540802002,14951.977729797363,16523.98109436035
2019-11-01,60600.013732910156,-20580.010414123535,-23141.984939575195,16878.018379211426
2019-11-04,10200.004577636719,-6720.013618469238,-3108.0150604248047,371.9758987426758
2019-11-05,20699.95880126953,-9156.017303466797,-6761.970520019531,4781.970977783203
2019-11-06,-26400.03204345703,40656.03733062744,12095.954418182373,26351.959705352783
2019-11-07,24000.091552734375,-7811.994552612305,3150.022029876709,19338.11902999878
2019-11-08,2700.0045776367188,1511.9504928588867,924.0031242370605,5135.958194732666
2019-11-11,-11400.032043457031,19992.012977600098,1638.021469116211,10230.002403259277
2019-11-12,-1800.0411987304688,-3780.026435852051,6971.955299377441,1391.8876647949219
2019-11-13,9599.990844726562,-18563.976287841797,-6257.987022399902,-15221.972465515137
2019-11-14,-10499.954223632812,17387.981414794922,-2267.9758071899414,4620.051383972168
2019-11-15,28500.022888183594,-16127.972602844238,-12641.994953155518,-269.9446678161621
2019-11-18,-20100.059509277344,11759.94873046875,18185.96363067627,9845.852851867676
2019-11-19,-55200.00457763672,14532.008171081543,19866.042137145996,-20801.95426940918
2019-11-20,57000.04577636719,-44183.921813964844,-14574.015140533447,-1757.8911781311035
2019-11-21,44100.03662109375,-40403.995513916016,-22092.010974884033,-18395.9698677063
2019-11-22,-24300.04119873047,25283.989906311035,6426.0149002075195,7409.963607788086
2019-11-25,7199.9359130859375,-420.06969451904297,-6258.037090301514,521.8291282653809
2019-11-26,12000.045776367188,-25115.962028503418,-6845.98445892334,-19961.90071105957
2019-11-27,-8999.977111816406,21419.949531555176,5922.031402587891,18342.00382232666
2019-11-29,-88200.0732421875,69048.04229736328,28391.95489883423,9239.92395401001
2019-12-02,23700.027465820312,19907.99903869629,-2981.994152069092,40626.03235244751
2019-12-03,4199.981689453125,8736.047744750977,2562.0245933532715,15498.054027557373
2019-12-04,69900.05493164062,-34692.04902648926,-18059.992790222168,17148.0131149292
2019-12-05,0.0,-14195.952415466309,-4242.002964019775,-18437.955379486084
2019-12-06,23100.013732910156,-22092.061042785645,-8022.029399871826,-7014.076709747314
2019-12-09,-5400.0091552734375,-6216.030120849609,3317.999839782715,-8298.039436340332
2019-12-10,6600.03662109375,1932.0201873779297,-8945.982456207275,-413.9256477355957
2019-12-11,-14400.100708007812,22176.074981689453,15414.0043258667,23189.97859954834
2019-12-12,12600.059509277344,-1848.006248474121,-9239.981174468994,1512.0720863342285
2019-12-13,26699.981689453125,-29316.05815887451,-14952.027797698975,-17568.10426712036
2019-12-16,4199.981689453125,419.9695587158203,-7601.959705352783,-2982.008457183838
2019-12-17,21899.986267089844,-19320.00160217285,-12138.0615234375,-9558.076858520508
2019-12-18,-299.94964599609375,1596.064567565918,5502.06184387207,6798.1767654418945
2019-12-19,8700.027465820312,-19320.00160217285,-3864.0403747558594,-14484.014511108398
2019-12-20,-23400.07781982422,839.9391174316406,3233.9859008789062,-19326.152801513672
2019-12-23,2400.054931640625,587.9974365234375,-168.0278778076172,2820.0244903564453
2019-12-24,17700.00457763672,-18395.94841003418,-5921.931266784668,-6617.875099182129
2019-12-26,17099.990844726562,-22428.016662597656,-6635.99967956543,-11964.025497436523
2019-12-27,1200.0274658203125,5375.990867614746,1050.0240325927734,7626.042366027832
2019-12-30,-1200.0274658203125,15960.044860839844,3779.926300048828,18539.94369506836
2019-12-31,-18599.96795654297,25619.945526123047,5166.006088256836,12185.983657836914
2020-01-02,3599.9679565429688,-5375.990867614746,1763.9923095703125,-12.030601501464844
2020-01-03,56099.96795654297,-37464.00833129883,-15665.946006774902,2970.0136184692383
2020-01-06,6600.03662109375,-4703.9794921875,11549.96395111084,13446.02108001709
2020-01-07,-17099.990844726562,27047.982215881348,630.0544738769531,10578.045845031738
2020-01-08,-92700.00457763672,61656.0173034668,31163.96427154541,119.97699737548828
2020-01-09,-1499.9771118164062,-3275.942802429199,3402.0137786865234,-1373.906135559082
2020-01-10,-15600.013732910156,-5796.060562133789,9113.960266113281,-12282.114028930664
2020-01-13,-28799.972534179688,1932.0201873779297,12768.01586151123,-14099.936485290527
2020-01-14,4499.931335449219,2436.0036849975586,-5166.006088256836,1769.9289321899414
2020-01-15,-12599.945068359375,14783.949851989746,13608.005046844482,15792.009830474854
2020-01-16,21299.972534179688,-15120.00560760498,7517.995834350586,13697.962760925293
2020-01-17,600.0137329101562,11928.07674407959,336.00568771362305,12864.09616470337
2020-01-21,-6000.022888183594,3443.9706802368164,12599.987983703613,10043.935775756836
2020-01-22,-47999.95422363281,47796.0205078125,12180.018424987793,11976.08470916748
2020-01-23,-34500.04577636719,16296.000480651855,3611.9985580444336,-14592.046737670898
2020-01-24,-42000.04577636719,37799.96395111084,24192.00897216797,19991.92714691162
2020-01-27,-31499.977111816406,26208.043098449707,22889.99319076538,17598.05917739868
2020-01-28,10200.004577636719,-16128.072738647461,-15287.983417510986,-21216.05157852173
2020-01-29,-4499.931335449219,-23183.94184112549,5207.962989807129,-22475.910186767578
2020-01-30,-35700.0732421875,31163.96427154541,26837.997436523438,22301.888465881348
2020-01-31,-17399.940490722656,4199.995994567871,6342.000961303711,-6857.943534851074
2020-02-03,-43500.022888183594,12599.987983703613,19571.993350982666,-11328.041553497314
2020-02-04,-15000.0,25620.04566192627,-2519.967555999756,8100.078105926514
2020-02-05,34199.981689453125,-36203.999519348145,-25830.03044128418,-27834.0482711792
2020-02-06,6000.022888183594,-9828.028678894043,-8399.991989135742,-12227.997779846191
2020-02-07,-18900.03204345703,-21756.00528717041,9281.988143920898,-31374.049186706543
2020-02-10,-22500.0,2184.0620040893555,12936.043739318848,-7379.894256591797
2020-02-11,11099.967956542969,5963.988304138184,-5964.038372039795,11099.917888641357
2020-02-12,36899.986267089844,-56111.99855804443,-20579.960346221924,-39791.972637176514
2020-02-13,7500.0,672.0113754272461,-2016.0341262817383,6155.977249145508
2020-02-14,18900.03204345703,-2604.031562805176,-7433.981895446777,8862.018585205078
2020-02-18,0.0,-26459.98477935791,10835.9956741333,-15623.98910522461
2020-02-19,37200.050354003906,-40740.05126953125,-14447.994232177734,-17987.995147705078
2020-02-20,14699.935913085938,-5375.990867614746,3863.990306854248,13187.93535232544
2020-02-21,-11999.931335449219,16044.058799743652,4620.015621185303,8664.143085479736
2020-02-24,-58500.022888183594,34859.97676849365,30828.0086517334,7187.962532043457
2020-02-25,-45899.96337890625,64427.97660827637,18773.961067199707,37301.974296569824
2020-02-26,-35100.059509277344,65099.98798370361,29022.00937271118,59021.93784713745
2020-02-27,-49199.981689453125,37212.066650390625,4284.00993347168,-7703.90510559082
2020-02-28,-69900.05493164062,12684.001922607422,-587.9974365234375,-57804.05044555664
2020-03-02,59700.050354003906,-121044.05879974365,-16002.001762390137,-77346.01020812988
2020-03-03,12900.009155273438,6972.055435180664,-1805.9992790222168,18066.065311431885
2020-03-04,-12000.045776367188,-20328.068733215332,-84.0139389038086,-32412.128448486328
2020-03-05,-26399.917602539062,28307.99102783203,18774.01113510132,20682.084560394287
2020-03-06,-138600.08239746094,111551.98574066162,43385.98966598511,16337.893009185791
2020-03-09,-304499.9885559082,211764.09244537354,93366.02210998535,630.1259994506836
2020-03-10,96900.04348754883,-16968.0118560791,-36540.00520706177,43392.02642440796
2020-03-11,-41400.03204345703,39312.01457977295,4997.978210449219,2909.9607467651367
2020-03-12,-44399.986267089844,178751.97172164917,32843.992710113525,167195.97816467285
2020-03-13,6899.986267089844,-1428.0366897583008,9408.009052276611,14879.958629608154
2020-03-16,-90899.96337890625,175812.0346069336,38136.019706726074,123048.09093475342
2020-03-17,-52500.0,-18059.992790222168,4578.008651733398,-65981.98413848877
2020-03-18,-197399.99771118164,61907.958984375,34229.97236251831,-101262.06636428833
2020-03-19,145499.9542236328,-39731.98413848877,-36749.98998641968,69017.98009872437
2020-03-20,-83699.97024536133,66863.98029327393,14868.013858795166,-1967.9760932922363
2020-03-23,27900.009155273438,162624.02415275574,-4116.032123565674,186408.0011844635
2020-03-24,19499.988555908203,-26795.990467071533,-26963.96827697754,-34259.97018814087
2020-03-25,14399.986267089844,-86604.02655601501,-7350.01802444458,-79554.05831336975
2020-03-26,-56699.981689453125,2520.017623901367,19950.006008148193,-34229.958057403564
2020-03-27,-32700.00457763672,-25116.01209640503,-7644.016742706299,-65460.03341674805
2020-03-30,-42600.00228881836,-9911.99254989624,20622.01738357544,-31889.97745513916
2020-03-31,11699.981689453125,10332.012176513672,3066.0080909729004,25098.001956939697
2020-04-01,-5100.002288818359,22427.966594696045,33516.00408554077,50843.96839141846
2020-04-02,150300.00686645508,-97691.98894500732,-26376.020908355713,26231.99701309204
2020-04-03,90600.01373291016,-24192.00897216797,-31710.004806518555,34697.99995422363
2020-04-06,-67800.00686645508,-8399.991989135742,10458.033084869385,-65741.96577072144
2020-04-07,-73500.0228881836,44856.03332519531,7643.9666748046875,-21000.022888183594
2020-04-08,43800.02975463867,-25031.99815750122,7056.019306182861,25824.050903320312
2020-04-09,-69899.99771118164,587.9974365234375,16002.001762390137,-53309.99851226807
2020-04-13,-10500.011444091797,-21840.01922607422,-9240.0062084198,-41580.036878585815
2020-04-14,-68999.9771118164,-14028.024673461914,21168.007850646973,-61859.99393463135
2020-04-15,-7199.993133544922,-335.9556198120117,12767.990827560425,5232.042074203491
2020-04-16,0.0,12851.979732513428,-13650.012016296387,-798.032283782959
2020-04-17,-48000.0114440918,-4703.9794921875,-4199.995994567871,-56903.98693084717
2020-04-20,-1677000.0457763672,35616.00208282471,28770.017623901367,-1612614.026069641
2020-04-21,1429200.038909912,132719.9935913086,67577.99863815308,1629498.0311393738
2020-04-22,113099.98512268066,-107604.03156280518,-1764.0173435211182,3731.93621635437
2020-04-23,81600.00801086426,-4367.973804473877,-1427.9866218566895,75804.04758453369
2020-04-24,13200.016021728516,-14783.999919891357,36875.985860824585,35292.00196266174
2020-04-27,-124800.02403259277,10835.9956741333,15246.001482009888,-98718.02687644958
2020-04-28,-13199.987411499023,-15876.030921936035,-8567.994832992554,-37644.01316642761
2020-04-29,81600.00801086426,-50399.95193481445,-26754.008531570435,4446.04754447937
2020-04-30,113399.99198913574,24695.992469787598,-15707.978010177612,122388.00644874573
2020-05-01,28200.016021728516,-57540.035247802734,-26964.01834487915,-56304.03757095337
2020-05-04,18299.96109008789,-46367.9838180542,-2939.9871826171875,-31008.009910583496
2020-05-05,125100.00228881836,-67032.00817108154,-39018.01586151123,19049.978256225586
2020-05-06,-17099.990844726562,20495.996475219727,30240.01121520996,33636.016845703125
2020-05-07,-13200.016021728516,-45779.98638153076,-5502.011775970459,-64482.014179229736
2020-05-08,35700.016021728516,-17471.99535369873,-26123.979091644287,-7895.958423614502
2020-05-11,-18000.011444091797,23519.997596740723,12851.979732513428,18371.965885162354
2020-05-12,49200.03890991211,4787.993431091309,12726.008892059326,66714.04123306274
2020-05-13,-14699.993133544922,55272.00937271118,2940.012216567993,43512.02845573425
2020-05-14,68099.95651245117,-51912.00256347656,-26628.012657165527,-10440.058708190918
2020-05-15,56100.02517700195,-46788.00344467163,-10752.006769180298,-1439.9850368499756
2020-05-18,71699.98168945312,-46703.98950576782,-36119.985580444336,-11123.993396759033
2020-05-19,20400.009155273438,-16296.000480651855,13776.007890701294,17880.016565322876
2020-05-20,29700.050354003906,1175.994873046875,-7140.008211135864,23736.037015914917
2020-05-21,12899.894714355469,-1091.9809341430664,671.9863414764404,12479.900121688843
2020-05-22,-20099.945068359375,5795.960426330566,2940.012216567993,-11363.972425460815
2020-05-26,32999.95422363281,-8987.98942565918,-3696.012496948242,20315.95230102539
2020-05-27,-46199.913024902344,46703.98950576782,7854.001522064209,8358.078002929688
2020-05-28,26999.93133544922,-4367.973804473877,19530.011415481567,42161.96894645691
2020-05-29,53400.07781982422,-23016.014099121094,-16421.996355056763,13962.067365646362
2020-06-01,-1500.091552734375,-34271.979331970215,-27006.025314331055,-62778.096199035645
2020-06-02,41100.08239746094,-43343.9826965332,-26501.991748809814,-28745.89204788208
2020-06-03,14399.986267089844,-840.0392532348633,11550.014019012451,25109.96103286743
2020-06-04,3599.9679565429688,-24948.034286499023,-3990.011215209961,-25338.077545166016
2020-06-05,64199.981689453125,-54263.99230957031,-32129.974365234375,-22193.984985351562
2020-06-08,-40800.018310546875,15623.98910522461,12305.989265441895,-12870.039939880371
2020-06-09,22500.0,-12851.929664611816,-14028.024673461914,-4379.9543380737305
2020-06-10,19799.99542236328,335.9556198120117,-7685.973644256592,12449.977397918701
2020-06-11,-97799.9496459961,76523.98109436035,35699.965953826904,14423.997402191162
2020-06-12,-2400.054931640625,-4619.965553283691,-5627.982616424561,-12648.003101348877
2020-06-15,25800.018310546875,-34775.962829589844,-14951.977729797363,-23927.922248840332
2020-06-16,37800.06408691406,-34943.99070739746,-18983.99591445923,-16127.922534942627
2020-06-17,-12600.059509277344,-6720.013618469238,83.96387100219727,-19236.109256744385
2020-06-18,26400.03204345703,-35616.00208282471,-6972.005367279053,-16187.975406646729
2020-06-19,27299.99542236328,-11676.034927368164,-5375.990867614746,10247.969627380371
2020-06-22,21299.972534179688,-16548.04229736328,-3024.001121520996,1727.9291152954102
2020-06-23,-2700.0045776367188,-6803.927421569824,6552.035808563232,-2951.8961906433105
2020-06-24,-70800.01831054688,86519.93751525879,21923.983097076416,37643.90230178833
2020-06-25,21300.086975097656,1848.006248474121,-2015.984058380127,21132.10916519165
2020-06-26,-6899.986267089844,34355.99327087402,8105.993270874023,35562.0002746582
2020-06-29,36299.97253417969,-25871.987342834473,-12222.025394439697,-1794.0402030944824
2020-06-30,-12900.009155273438,-13439.927101135254,-5333.983898162842,-31673.920154571533
2020-07-01,16499.977111816406,-14112.038612365723,-9029.996395111084,-6642.0578956604
2020-07-02,24900.054931640625,-35531.9881439209,-13229.992389678955,-23861.92560195923
2020-07-06,-600.0137329101562,15455.961227416992,-4452.037811279297,10403.909683227539
2020-07-07,-300.0640869140625,-28727.96058654785,-671.9613075256348,-29699.98598098755
2020-07-08,8400.077819824219,-13356.013298034668,3737.969398498535,-1217.966079711914
2020-07-09,-38400.07781982422,33936.0237121582,4410.030841827393,-54.02326583862305
2020-07-10,27900.009155273438,-27384.037971496582,-7266.0040855407715,-6750.032901763916
2020-07-13,-13500.022888183594,8148.050308227539,7433.981895446777,2082.0093154907227
2020-07-14,5700.0732421875,21839.919090270996,1133.9879035949707,28673.980236053467
2020-07-15,27299.99542236328,-14363.980293273926,-10079.970359802246,2856.0447692871094
2020-07-16,-13500.022888183594,25704.059600830078,7097.976207733154,19302.01292037964
2020-07-17,-4799.995422363281,7896.008491516113,3696.012496948242,6792.025566101074
2020-07-20,6600.03662109375,-3360.0568771362305,-6887.991428375244,-3648.0116844177246
2020-07-21,34499.93133544922,-43008.02707672119,-18689.99719619751,-27198.092937469482
2020-07-22,-1799.9267578125,-2603.931427001953,3905.9972763061523,-497.8609085083008
2020-07-23,-24900.054931640625,20327.96859741211,6972.005367279053,2399.919033050537
2020-07-24,6600.03662109375,-22008.047103881836,-924.0031242370605,-16332.013607025146
2020-07-27,9299.9267578125,8484.00592803955,924.0031242370605,18707.93581008911
2020-07-28,-16799.9267578125,7644.06681060791,5039.985179901123,-4115.874767303467
2020-07-29,6899.986267089844,20243.9546585083,-4703.9794921875,22439.961433410645
2020-07-30,-40500.06866455078,17724.037170410156,17387.981414794922,-5388.050079345703
2020-07-31,10500.068664550781,27971.935272216797,-2184.011936187744,36287.992000579834
2020-08-03,22199.935913085938,-21839.919090270996,-9996.006488800049,-9635.989665985107
2020-08-04,20700.0732421875,-1008.0671310424805,-7349.967956542969,12342.03815460205
2020-08-05,14699.935913085938,-7139.983177185059,-1974.027156829834,5585.925579071045
2020-08-06,-7199.9359130859375,-4451.937675476074,5544.018745422363,-6107.854843139648
2020-08-07,-21899.986267089844,17219.953536987305,12599.987983703613,7919.955253601074
2020-08-10,21599.92218017578,-18228.020668029785,-7139.983177185059,-3768.0816650390625
2020-08-11,-9899.940490722656,20832.05223083496,-630.0044059753418,10302.107334136963
2020-08-12,31799.9267578125,-33012.070655822754,-7896.008491516113,-9108.152389526367
2020-08-13,-12899.894714355469,7560.052871704102,8021.979331970215,2682.1374893188477
2020-08-14,-6900.1007080078125,-8232.064247131348,587.9974365234375,-14544.167518615723
2020-08-17,26400.03204345703,-21335.935592651367,-1007.9669952392578,4056.1294555664062
2020-08-18,0.0,-10920.00961303711,-8946.032524108887,-19866.042137145996
2020-08-19,1200.0274658203125,-6300.044059753418,3948.0042457580566,-1152.0123481750488
2020-08-20,-10499.954223632812,-5039.935111999512,1805.9992790222168,-13733.890056610107
2020-08-21,-7200.050354003906,10415.925979614258,16254.043579101562,19469.919204711914
2020-08-24,8399.96337890625,-69719.9535369873,-16632.00616836548,-77951.99632644653
2020-08-25,21899.986267089844,-24192.00897216797,-5250.0200271606445,-7542.0427322387695
2020-08-26,1200.0274658203125,29652.013778686523,6468.021869659424,37320.06311416626
2020-08-27,-10499.954223632812,63923.99311065674,14279.966354370117,67704.00524139404
2020-08-28,-2099.9908447265625,-26040.01522064209,-2309.9827766418457,-30449.988842010498
2020-08-31,-10800.018310546875,33095.98445892334,8441.998958587646,30737.96510696411
2020-09-01,4499.931335449219,43176.05495452881,-14574.015140533447,33101.97114944458
2020-09-02,-37500.0,19067.959785461426,17765.99407196045,-666.046142578125
2020-09-03,-4199.981689453125,-2436.0036849975586,8735.997676849365,2100.0123023986816
2020-09-04,-47999.95422363281,23268.05591583252,6804.027557373047,-17927.870750427246
2020-09-08,-90300.06408691406,62495.95642089844,31373.99911880493,3569.8914527893066
2020-09-09,38700.02746582031,-13859.996795654297,-12305.989265441895,12534.041404724121
2020-09-10,-22500.0,18144.006729125977,9953.999519348145,5598.006248474121
2020-09-11,900.0778198242188,2351.98974609375,-3024.001121520996,228.06644439697266
2020-09-14,-2100.1052856445312,-9995.956420898438,-1596.0144996643066,-13692.076206207275
2020-09-15,30600.013732910156,-26292.057037353516,-2478.010654449463,1829.9460411071777
2020-09-16,56400.03204345703,-42671.97132110596,-7139.983177185059,6588.077545166016
2020-09-17,24300.04119873047,-29820.04165649414,-18270.02763748169,-23790.02809524536
2020-09-18,4199.981689453125,-10247.998237609863,336.00568771362305,-5712.010860443115
2020-09-21,-53999.977111816406,49980.082511901855,21713.998317718506,17694.103717803955
2020-09-22,8699.913024902344,10751.981735229492,4704.029560089111,24155.924320220947
2020-09-23,9900.054931640625,-14280.06649017334,-4787.993431091309,-9168.004989624023
2020-09-24,11400.032043457031,-12096.004486083984,-3864.0403747558594,-4560.0128173828125
2020-09-25,-1800.0411987304688,-15539.9751663208,-3989.9611473083496,-21329.97751235962
2020-09-28,10499.954223632812,-27216.010093688965,-5586.025714874268,-22302.08158493042
2020-09-29,-39299.9267578125,37716.050148010254,12810.022830963135,11226.146221160889
2020-09-30,27900.009155273438,756.0253143310547,-15288.033485412598,13368.000984191895
2020-10-01,-45000.0,40655.93719482422,8568.01986694336,4223.957061767578
2020-10-02,-50100.059509277344,24276.022911071777,16799.983978271484,-9024.052619934082
2020-10-05,65100.059509277344,-59304.02755737305,-20285.961627960205,-14489.929676055908
2020-10-06,43499.908447265625,-34440.00720977783,-23225.998878479004,-14166.097640991211
2020-10-07,-21599.92218017578,28728.060722351074,11675.984859466553,18804.123401641846
2020-10-08,37199.93591308594,-25788.073539733887,-13229.992389678955,-1818.1300163269043
2020-10-09,-17700.00457763672,23856.053352355957,-420.01962661743164,5736.029148101807
2020-10-12,-35099.945068359375,23100.028038024902,15204.019546508789,3204.1025161743164
2020-10-13,23100.013732910156,-5880.074501037598,-4998.02827835083,12221.910953521729
2020-10-14,25200.00457763672,-12096.004486083984,-9869.985580444336,3234.0145111083984
2020-10-15,-2400.054931640625,14364.080429077148,1596.0144996643066,13560.03999710083
2020-10-16,-2399.9404907226562,9407.958984375,4031.968116760254,11039.986610412598
2020-10-19,-1499.9771118164062,5460.004806518555,8820.011615753174,12780.039310455322
2020-10-20,18899.917602539062,-21503.963470458984,-6467.9718017578125,-9072.017669677734
2020-10-21,-42900.00915527344,39983.92581939697,14111.988544464111,11195.905208587646
2020-10-22,18300.018310546875,-14951.977729797363,-8735.997676849365,-5387.9570960998535
2020-10-23,-23700.027465820312,16127.972602844238,3948.0042457580566,-3624.0506172180176
2020-10-26,-38699.913024902344,22932.000160217285,12390.003204345703,-3377.9096603393555
2020-10-27,30299.949645996094,-26711.926460266113,-15077.998638153076,-11489.975452423096
2020-10-28,-65400.00915527344,52079.93030548096,18269.977569580078,4949.898719787598
2020-10-29,-36600.03662109375,25116.06216430664,10835.9956741333,-647.9787826538086
2020-10-30,-11399.917602539062,1679.978370666504,2981.994152069092,-6737.945079803467
2020-11-02,30600.013732910156,-2100.048065185547,-13020.007610321045,15479.958057403564
2020-11-03,25499.954223632812,-20915.966033935547,-6215.980052947998,-1631.9918632507324
2020-11-04,44700.050354003906,-26208.043098449707,-19487.979412078857,-995.9721565246582
2020-11-05,-10800.018310546875,-6551.985740661621,1637.9714012145996,-15714.032649993896
2020-11-06,-49500.04577636719,26459.98477935791,11339.97917175293,-11700.081825256348
2020-11-09,94500.04577636719,-64091.92085266113,-31121.957302093506,-713.8323783874512
2020-11-10,32099.990844726562,-28056.049346923828,-15036.041736602783,-10992.100238800049
2020-11-11,2700.0045776367188,15288.033485412598,2814.016342163086,20802.054405212402
2020-11-12,-9900.054931640625,15792.016983032227,5250.0200271606445,11141.982078552246
2020-11-13,-29699.935913085938,26628.012657165527,12221.975326538086,9150.052070617676
2020-11-16,36299.97253417969,-17976.078987121582,-10373.969078063965,7949.924468994141
2020-11-17,2700.0045776367188,-5375.990867614746,-4284.00993347168,-6959.996223449707
2020-11-18,11699.981689453125,-8147.950172424316,-10458.033084869385,-6906.001567840576
2020-11-19,-2399.9404907226562,335.9556198120117,-2813.9662742614746,-4877.951145172119
2020-11-20,12299.995422363281,-10667.967796325684,-6551.985740661621,-4919.958114624023
2020-11-23,27299.99542236328,-24192.00897216797,-10164.034366607666,-7056.0479164123535
2020-11-24,55499.95422363281,-45528.04470062256,-20580.010414123535,-10608.100891113281
2020-11-25,23999.977111816406,-24611.97853088379,-11381.986141204834,-11993.987560272217
2020-11-27,-5400.0091552734375,4620.065689086914,2562.0245933532715,1782.081127166748
2020-11-30,-5699.958801269531,27803.90739440918,10331.96210861206,32435.91070175171
2020-12-01,-23700.027465820312,23940.067291259766,3611.9985580444336,3852.0383834838867
2020-12-02,21899.986267089844,-16380.014419555664,-7937.965393066406,-2417.9935455322266
2020-12-03,10800.018310546875,-18312.034606933594,-11382.036209106445,-18894.052505493164
2020-12-04,18599.96795654297,-5711.946487426758,-4073.975086212158,8814.046382904053
2020-12-07,-15000.0,10667.967796325684,1596.0144996643066,-2736.0177040100098
2020-12-08,-4799.995422363281,-84.0139389038086,-3150.022029876709,-8034.031391143799
2020-12-09,-2399.9404907226562,-16799.983978271484,3275.9928703308105,-15923.93159866333
2020-12-10,37799.949645996094,-34187.965393066406,-15456.011295318604,-11844.027042388916
2020-12-11,-6299.9725341796875,7475.93879699707,-503.9834976196289,671.9827651977539
2020-12-14,12600.059509277344,-9575.986862182617,-7349.967956542969,-4325.895309448242
2020-12-15,18899.917602539062,-6467.9718017578125,-4200.046062469482,8231.899738311768
2020-12-16,6000.022888183594,-21924.033164978027,-5669.989585876465,-21593.9998626709
2020-12-17,16200.027465820312,-29567.999839782715,-7266.0040855407715,-20633.976459503174
2020-12-18,22199.935913085938,-6299.943923950195,-7475.988864898682,8424.00312423706
2020-12-21,-40799.903869628906,29567.999839782715,14952.027797698975,3720.123767852783
2020-12-22,-21600.03662109375,17556.00929260254,6635.99967956543,2591.9723510742188
2020-12-23,32999.95422363281,-35700.016021728516,-15077.998638153076,-17778.06043624878
2020-12-24,3300.018310546875,2603.931427001953,3149.9719619750977,9053.921699523926
2020-12-28,-18300.018310546875,9408.059120178223,4620.015621185303,-4271.94356918335
2020-12-29,11400.032043457031,-16968.0118560791,-3275.9928703308105,-8843.97268295288
2020-12-30,12000.045776367188,-20243.9546585083,-1260.0088119506836,-9503.917694091797
2020-12-31,3599.9679565429688,3023.9009857177734,5669.989585876465,12293.858528137207
2021-01-04,-27000.045776367188,29820.04165649414,6005.995273590088,8825.991153717041
2021-01-05,69300.04119873047,-66528.02467346191,-23898.01025390625,-21125.993728637695
2021-01-06,21000.022888183594,-19235.987663269043,-4115.9820556640625,-2351.9468307495117
2021-01-07,6000.022888183594,-6467.9718017578125,-3948.0042457580566,-4415.953159332275
2021-01-08,42299.99542236328,-50063.99631500244,-17387.981414794922,-25151.982307434082
2021-01-11,299.94964599609375,18059.992790222168,2519.967555999756,20879.909992218018
2021-01-12,28799.972534179688,-27047.982215881348,-9743.964672088623,-7991.974353790283
2021-01-13,-8999.977111816406,3527.984619140625,-924.0031242370605,-6395.995616912842
2021-01-14,19799.99542236328,-4284.00993347168,-8610.026836395264,6905.958652496338
2021-01-15,-36299.97253417969,21420.0496673584,11129.99439239502,-3749.9284744262695
2021-01-19,18599.96795654297,-8148.050308227539,-2436.0036849975586,8015.913963317871
2021-01-20,7800.0640869140625,-4872.007369995117,-713.9682769775391,2214.0884399414062
2021-01-21,-3300.018310546875,-3359.956741333008,-84.0139389038086,-6743.988990783691
2021-01-22,-25800.018310546875,-672.0113754272461,10332.012176513672,-16140.01750946045
2021-01-25,15000.0,-10416.02611541748,-7517.995834350586,-2934.0219497680664
2021-01-26,-4799.995422363281,-16464.028358459473,-1890.0132179260254,-23154.03699874878
2021-01-27,7199.9359130859375,3024.001121520996,-4409.980773925781,5813.956260681152
2021-01-28,-15299.949645996094,-4872.007369995117,3024.001121520996,-17147.955894470215
2021-01-29,-4199.981689453125,8736.047744750977,545.9904670715332,5082.056522369385
2021-02-01,40499.95422363281,-14784.049987792969,-19530.036449432373,6185.867786407471
2021-02-02,36299.97253417969,-21756.00528717041,-11633.977890014648,2909.989356994629
2021-02-03,27900.009155273438,-27383.93783569336,-6678.006649017334,-6161.935329437256
2021-02-04,16200.027465820312,3192.0289993286133,-4199.995994567871,15192.060470581055
2021-02-05,18599.96795654297,-3780.026435852051,-5544.018745422363,9275.922775268555
2021-02-08,33600.08239746094,-21420.0496673584,-14321.973323822021,-2141.9405937194824
2021-02-09,11699.981689453125,1008.0671310424805,-3738.0194664001465,8970.029354095459
2021-02-10,9599.990844726562,16968.0118560791,-1805.9992790222168,24762.003421783447
2021-02-11,-13199.958801269531,2687.9453659057617,6887.991428375244,-3624.0220069885254
2021-02-12,36899.986267089844,-35531.9881439209,-11255.965232849121,-9887.967109680176
2021-02-16,17399.940490722656,-67535.99166870117,-18059.992790222168,-68196.04396820068
2021-02-17,32700.00457763672,-31584.033966064453,-9786.021709442139,-8670.051097869873
2021-02-18,-18599.96795654297,13608.055114746094,545.9904670715332,-4445.922374725342
2021-02-19,-38399.96337890625,-10584.053993225098,5669.989585876465,-43314.02778625488
2021-02-22,67500.0,-29231.94408416748,-14993.984699249268,23274.071216583252
2021-02-23,5399.894714355469,-14196.052551269531,-3948.0042457580566,-12744.16208267212
2021-02-24,46500.091552734375,-31079.9503326416,-16926.004886627197,-1505.8636665344238
2021-02-25,9299.9267578125,2771.9593048095703,714.0183448791504,12785.90440750122
2021-02-26,-60899.96337890625,12852.029800415039,21041.98694229126,-27005.94663619995
2021-03-01,-25800.018310546875,-55355.97324371338,15665.996074676514,-65489.99547958374
2021-03-02,-26699.981689453125,5459.904670715332,4662.022590637207,-16578.054428100586
2021-03-03,45899.96337890625,-12935.943603515625,-11592.020988464355,21371.99878692627
2021-03-04,76500.09155273438,-38724.01714324951,-25325.99687576294,12450.077533721924
2021-03-05,67799.83520507812,-56111.89842224121,-20159.990787506104,-8472.05400466919
2021-03-08,-31199.798583984375,13439.826965332031,14910.02082824707,-2849.9507904052734
2021-03-09,-31200.027465820312,-1259.908676147461,503.9834976196289,-31955.952644348145
2021-03-10,12900.009155273438,-24611.97853088379,-4199.995994567871,-15911.965370178223
2021-03-11,47399.82604980469,-49140.04325866699,-17682.030200958252,-19422.247409820557
2021-03-12,-12299.880981445312,-10080.070495605469,-3401.963710784912,-25781.915187835693
2021-03-15,-6600.03662109375,38136.1198425293,7811.994552612305,39348.07777404785
2021-03-16,-17699.89013671875,2855.8731079101562,6803.977489471436,-8040.039539337158
2021-03-17,-6000.1373291015625,45444.03076171875,11172.001361846924,50615.89479446411
2021-03-18,-137999.9542236328,86520.03765106201,51198.03428649902,-281.88228607177734
2021-03-19,42599.945068359375,840.0392532348633,-16002.001762390137,27437.9825592041
2021-03-22,3900.0320434570312,-14028.024673461914,-2940.037250518799,-13068.029880523682
2021-03-23,-113700.02746582031,53256.025314331055,33767.995834350586,-26676.006317138672
2021-03-24,102600.05950927734,-77783.98990631104,-32213.988304138184,-7397.918701171875
2021-03-25,-78599.96795654297,57203.9794921875,32676.01490020752,11280.02643585205
2021-03-26,72299.99542236328,-38976.05895996094,-26123.979091644287,7199.957370758057
2021-03-29,17700.00457763672,-23435.983657836914,83.96387100219727,-5652.015209197998
2021-03-30,-30300.064086914062,5208.063125610352,8652.033805847168,-16439.967155456543
2021-03-31,-41699.981689453125,29987.969398498535,7517.995834350586,-4194.016456604004
2021-04-01,68700.02746582031,-57960.004806518555,-25325.99687576294,-14585.974216461182
2021-04-05,-83999.9771118164,51408.01906585693,24863.970279693604,-7727.987766265869
2021-04-06,20400.009155273438,-4368.023872375488,-9114.010334014893,6917.974948883057
2021-04-07,13199.958801269531,12180.018424987793,-5795.960426330566,19584.016799926758
2021-04-08,-5100.059509277344,-6300.044059753418,-798.032283782959,-12198.13585281372
2021-04-09,-8399.96337890625,-2351.98974609375,924.0031242370605,-9827.95000076294
2021-04-12,11400.032043457031,-6635.99967956543,-167.97780990600586,4596.054553985596
2021-04-13,14399.986267089844,-4787.993431091309,-2730.0024032592773,6881.990432739258
2021-04-14,89100.03662109375,-50232.02419281006,-31710.004806518555,7158.007621765137
2021-04-15,9299.9267578125,-13691.96891784668,-3738.0194664001465,-8130.061626434326
2021-04-16,-9899.940490722656,9995.956420898438,1344.0227508544922,1440.0386810302734
2021-04-19,7500.0,-3864.0403747558594,1343.9726829528809,4979.9323081970215
2021-04-20,-28200.0732421875,22764.07241821289,5208.01305770874,-227.98776626586914
2021-04-21,-32700.00457763672,28560.032844543457,11087.987422943115,6948.0156898498535
2021-04-22,2400.054931640625,7308.011054992676,-2981.994152069092,6726.071834564209
2021-04-23,21299.972534179688,-17640.023231506348,-5333.983898162842,-1674.034595489502
2021-04-26,-6899.986267089844,14363.980293273926,-2099.9979972839355,5363.9960289001465
2021-04-27,30899.96337890625,-35112.01858520508,-11423.993110656738,-15636.048316955566
2021-04-28,27600.059509277344,-43512.01057434082,-13817.989826202393,-29729.94089126587
2021-04-29,34500.04577636719,-23267.955780029297,-9576.036930084229,1656.053066253662
2021-04-30,-42900.00915527344,25284.090042114258,16926.004886627197,-689.9142265319824
2021-05-03,27299.880981445312,-26628.11279296875,-12935.993671417236,-12264.225482940674
2021-05-04,36000.13732910156,-41748.01826477051,-19698.01425933838,-25445.895195007324
2021-05-05,-1800.1556396484375,-83.91380310058594,-1554.0075302124023,-3438.076972961426
2021-05-06,-27599.945068359375,31584.033966064453,5460.004806518555,9444.093704223633
2021-05-07,5700.0732421875,-11088.037490844727,-8862.018585205078,-14249.982833862305
2021-05-10,599.8992919921875,-5460.004806518555,-2519.9174880981445,-7380.023002624512
2021-05-11,10800.018310546875,-5460.004806518555,-10541.996955871582,-5201.983451843262
2021-05-12,24000.091552734375,-17724.037170410156,-11676.034927368164,-5399.980545043945
2021-05-13,-67800.06408691406,55188.045501708984,28811.97452545166,16199.955940246582
2021-05-14,46500.091552734375,-26292.057037353516,-14826.006889343262,5382.027626037598
2021-05-17,26999.81689453125,-26627.912521362305,-10163.984298706055,-9792.07992553711
2021-05-18,-23399.96337890625,-2184.162139892578,1679.978370666504,-23904.147148132324
2021-05-19,-63899.91760253906,49476.09901428223,20705.981254577637,6282.162666320801
2021-05-20,-39300.04119873047,46032.02819824219,17934.021949768066,24666.008949279785
2021-05-21,45900.07781982422,-17892.065048217773,-9995.956420898438,18012.056350708008
2021-05-24,74100.03662109375,-41328.04870605469,-22596.044540405273,10175.943374633789
2021-05-25,599.8992919921875,336.0557556152344,2772.059440612793,3708.014488220215
2021-05-26,4199.981689453125,-27551.965713500977,-4116.082191467285,-27468.066215515137
2021-05-27,19199.981689453125,-1427.9365539550781,-4703.9794921875,13068.065643310547
2021-05-28,-15899.96337890625,9744.014739990234,4997.978210449219,-1157.9704284667969
2021-06-01,42000.04577636719,-25368.003845214844,-11339.97917175293,5292.062759399414
2021-06-02,33300.018310546875,-19907.99903869629,-14951.977729797363,-1559.9584579467773
2021-06-03,-600.128173828125,-6468.172073364258,2267.9758071899414,-4800.324440002441
2021-06-04,24300.155639648438,-8147.850036621094,-7643.9666748046875,8508.338928222656
2021-06-07,-11699.981689453125,15455.961227416992,1805.9492111206055,5561.928749084473
2021-06-08,24599.990844726562,-21756.105422973633,-8147.950172424316,-5304.064750671387
2021-06-09,-2700.1190185546875,13859.996795654297,2310.032844543457,13469.910621643066
2021-06-10,9900.054931640625,-8147.850036621094,-5838.017463684082,-4085.812568664551
2021-06-11,18600.082397460938,21923.933029174805,9534.029960632324,50058.04538726807
2021-06-14,-900.1922607421875,12515.974044799805,3821.9833374023438,15437.765121459961
2021-06-15,37200.164794921875,587.9974365234375,-293.99871826171875,37494.163513183594
2021-06-16,899.96337890625,12012.090682983398,3737.969398498535,16650.023460388184
2021-06-17,-33300.018310546875,18479.862213134766,15371.947288513184,551.7911911010742
2021-06-18,17999.954223632812,-28643.84651184082,-11087.937355041504,-21731.82964324951
2021-06-21,60600.128173828125,-24023.98109436035,-14112.038612365723,22464.10846710205
2021-06-22,-18000.18310546875,-23016.014099121094,-10163.984298706055,-51180.1815032959
2021-06-23,600.128173828125,-35784.13009643555,-3527.984619140625,-38711.98654174805
2021-06-24,6600.03662109375,-11759.94873046875,-1218.0519104003906,-6377.964019775391
2021-06-25,22500.0,14279.966354370117,5460.004806518555,42239.97116088867
2021-06-28,-34199.981689453125,39732.08427429199,13062.01457977295,18594.117164611816
2021-06-29,2099.9908447265625,-18816.118240356445,-1554.0075302124023,-18270.134925842285
2021-06-30,14699.935913085938,-4535.951614379883,-2855.973243713379,7308.011054992676
2021-07-01,52800.06408691406,-19488.02947998047,-11549.96395111084,21762.070655822754
2021-07-02,-2099.9908447265625,-27047.882080078125,-9618.043899536133,-38765.91682434082
2021-07-06,-53700.02746582031,60143.96667480469,31164.064407348633,37608.00361633301
2021-07-07,-35100.17395019531,18647.890090942383,6635.99967956543,-9816.2841796875
2021-07-08,22200.164794921875,-41327.84843444824,-13146.028518676758,-32273.712158203125
2021-07-09,48599.853515625,-30912.12272644043,-14616.022109985352,3071.7086791992188
2021-07-12,-13799.972534179688,12432.060241699219,2267.9758071899414,900.0635147094727
2021-07-13,34500.04577636719,-34524.02114868164,-14532.008171081543,-14555.983543395996
2021-07-14,-63600.08239746094,20832.05223083496,17177.99663543701,-25590.033531188965
2021-07-15,-44399.871826171875,36288.01345825195,12978.00064086914,4866.142272949219
2021-07-16,4799.8809814453125,-2771.9593048095703,-293.99871826171875,1733.9229583740234
2021-07-19,-161699.98168945312,120287.93334960938,53802.01578140259,12389.967441558838
2021-07-20,30000.0,-17724.037170410156,-11550.014019012451,725.9488105773926
2021-07-21,86400.146484375,-71568.05992126465,-31205.921173095703,-16373.834609985352
2021-07-22,48300.018310546875,-47459.964752197266,-19152.073860168457,-18312.020301818848
2021-07-23,4799.8809814453125,-15204.019546508789,-545.9403991699219,-10950.078964233398
2021-07-26,-4799.8809814453125,-14279.966354370117,-7182.040214538574,-26261.887550354004
2021-07-27,-7800.0640869140625,-4872.007369995117,2982.044219970703,-9690.027236938477
2021-07-28,22199.935913085938,4956.121444702148,-5081.992149353027,22074.06520843506
2021-07-29,36900.10070800781,-36288.01345825195,-14028.024673461914,-13415.937423706055
2021-07-30,9899.826049804688,-12180.118560791016,-4199.995994567871,-6480.288505554199
2021-08-02,-80699.84436035156,76608.09516906738,26712.026596069336,22620.277404785156
2021-08-03,-21000.137329101562,3275.8426666259766,3947.9541778564453,-13776.34048461914
2021-08-04,-72299.88098144531,17472.095489501953,21965.99006652832,-32861.79542541504
2021-08-05,28199.844360351562,-36959.92469787598,-13397.970199584961,-22158.050537109375
2021-08-06,-24299.9267578125,31163.864135742188,9029.946327209473,15893.88370513916
2021-08-09,-53999.86267089844,18563.976287841797,17808.051109313965,-17627.835273742676
2021-08-10,54299.9267578125,-27803.90739440918,-16002.001762390137,10494.017601013184
2021-08-11,28799.972534179688,-28812.074661254883,-10751.981735229492,-10764.083862304688
2021-08-12,-4800.10986328125,22512.130737304688,797.9822158813477,18510.003089904785
2021-08-13,-19499.81689453125,10751.981735229492,10920.00961303711,2172.1744537353516
2021-08-16,-34500.04577636719,51827.88848876953,12431.960105895996,29759.80281829834
2021-08-17,-21000.137329101562,29652.013778686523,5124.049186706543,13775.925636291504
2021-08-18,-33899.91760253906,15035.991668701172,6257.987022399902,-12605.938911437988
2021-08-19,-53100.013732910156,55608.015060424805,21923.983097076416,24431.984424591064
2021-08-20,-41099.96795654297,48635.95962524414,25535.98165512085,33071.97332382202
2021-08-23,99599.99084472656,-83663.86413574219,-40697.994232177734,-24761.86752319336
2021-08-24,57000.04577636719,-48384.01794433594,-25914.04438018799,-17298.01654815674
2021-08-25,24599.990844726562,-100800.10414123535,-21587.977409362793,-97788.09070587158
2021-08-26,-28200.0732421875,38136.1198425293,14700.03604888916,24636.082649230957
2021-08-27,39599.99084472656,-15792.016983032227,-10920.00961303711,12887.964248657227
2021-08-30,14100.03662109375,-32340.059280395508,-13062.01457977295,-31302.037239074707
2021-08-31,-21299.972534179688,25284.090042114258,3905.9972763061523,7890.114784240723
2021-09-01,2699.89013671875,144228.00064086914,881.9961547851562,147809.88693237305
2021-09-02,42000.04577636719,-44184.12208557129,-16296.000480651855,-18480.076789855957
2021-09-03,-20999.908447265625,7980.022430419922,3486.027717590332,-9533.858299255371
2021-09-07,-28200.0732421875,20159.940719604492,15876.030921936035,7835.898399353027
2021-09-08,28500.137329101562,-1763.9923095703125,-6216.030120849609,20520.11489868164
2021-09-09,-34800.10986328125,27216.110229492188,9534.029960632324,1950.0303268432617
2021-09-10,47400.054931640625,-45612.05863952637,-13565.998077392578,-11778.00178527832
2021-09-13,21899.871826171875,-5796.060562133789,-5166.006088256836,10937.80517578125
2021-09-14,300.0640869140625,-9659.900665283203,-1260.0088119506836,-10619.845390319824
2021-09-15,64500.04577636719,-28727.96058654785,-18480.06248474121,17292.022705078125
2021-09-16,0.0,21335.935592651367,-2393.946647644043,18941.988945007324
2021-09-17,-19199.981689453125,8316.078186035156,797.9822158813477,-10085.921287536621
2021-09-20,-50400.00915527344,47123.90899658203,21042.03701019287,17765.936851501465
2021-09-21,8099.8992919921875,8399.991989135742,-6216.030120849609,10283.86116027832
2021-09-22,50100.17395019531,-15707.902908325195,-15876.030921936035,18516.240119934082
2021-09-23,32099.990844726562,-39984.025955200195,-15749.959945678711,-23633.995056152344
2021-09-24,20400.009155273438,-13440.027236938477,-7560.052871704102,-600.0709533691406
2021-09-27,44099.80773925781,-30408.039093017578,-12137.961387634277,1553.807258605957
2021-09-28,-4799.8809814453125,18312.034606933594,2939.9871826171875,16452.14080810547
2021-09-29,-13799.972534179688,-23016.014099121094,-7769.937515258789,-44585.92414855957
2021-09-30,5999.908447265625,-20411.882400512695,-14364.080429077148,-28776.05438232422
2021-10-01,25499.954223632812,3023.9009857177734,-17219.953536987305,11303.901672363281
2021-10-04,52200.164794921875,-49140.04325866699,-22638.001441955566,-19577.879905700684
2021-10-05,39299.9267578125,-41495.87631225586,-23939.967155456543,-26135.916709899902
2021-10-06,-45000.0,41748.01826477051,21671.9913482666,18420.00961303711
2021-10-07,26100.082397460938,-22008.047103881836,-7392.024993896484,-3299.989700317383
2021-10-08,31499.862670898438,-26712.026596069336,-5922.031402587891,-1134.195327758789
2021-10-11,35099.945068359375,-9827.92854309082,-17346.02451324463,7925.992012023926
2021-10-12,3600.0823974609375,-4200.096130371094,2100.048065185547,1500.0343322753906
2021-10-13,-5999.908447265625,-18983.945846557617,-4662.022590637207,-29645.87688446045
2021-10-14,26099.853515625,-24780.006408691406,-16925.954818725586,-15606.107711791992
2021-10-15,29100.03662109375,-43175.954818725586,-5166.006088256836,-19241.924285888672
2021-10-18,4800.10986328125,-168.0278778076172,10289.955139160156,14922.037124633789
2021-10-19,15599.899291992188,9323.844909667969,-4829.950332641602,20093.793869018555
2021-10-20,27300.10986328125,-27635.879516601562,-13271.99935913086,-13607.769012451172
2021-10-21,-41100.08239746094,23772.03941345215,18144.006729125977,815.9637451171875
2021-10-22,37800.06408691406,-1680.0785064697266,4284.00993347168,40403.995513916016
2021-10-25,0.0,-28644.046783447266,-10835.9956741333,-39480.04245758057
2021-10-26,26699.981689453125,-503.88336181640625,-5292.07706451416,20904.02126312256
2021-10-27,-59699.93591308594,56363.840103149414,26250.0,22913.904190063477
2021-10-28,4499.81689453125,12348.146438598633,-713.9682769775391,16133.995056152344
2021-10-29,22800.064086914062,-22679.95834350586,8441.948890686035,8562.054634094238
2021-11-01,14400.100708007812,44267.83561706543,-2813.9162063598633,55854.02011871338
2021-11-02,-4199.981689453125,-34271.87919616699,-2142.00496673584,-40613.86585235596
2021-11-03,-91500.09155273438,93743.93463134766,30953.9794921875,33197.82257080078
2021-11-04,-61500.091552734375,38556.08940124512,11717.991828918457,-11226.0103225708
2021-11-05,73799.97253417969,-23772.03941345215,-20580.010414123535,29447.922706604004
2021-11-08,19800.10986328125,-1092.081069946289,-4829.950332641602,13878.07846069336
2021-11-09,66600.03662109375,-44519.97756958008,-17220.053672790527,4860.0053787231445
2021-11-10,-84300.15563964844,65520.057678222656,23519.997596740723,4739.899635314941
2021-11-11,7500.0,-17304.067611694336,2100.048065185547,-7704.019546508789
2021-11-12,-23999.862670898438,5376.091003417969,18227.920532226562,-395.85113525390625
2021-11-15,2699.89013671875,-14616.022109985352,2352.0898818969727,-9564.042091369629
2021-11-16,-3599.853515625,-17556.00929260254,-13776.082992553711,-34931.94580078125
2021-11-17,-72000.04577636719,58296.06056213379,27930.078506469727,14226.093292236328
2021-11-18,19500.045776367188,-11760.149002075195,-8232.064247131348,-492.16747283935547
2021-11-19,-87300.10986328125,69216.0701751709,38052.005767822266,19967.966079711914
2021-11-22,19500.045776367188,-40572.02339172363,-13440.027236938477,-34512.00485229492
2021-11-23,52500.0,-64679.91828918457,-24737.94937133789,-36917.86766052246
2021-11-24,-3300.018310546875,14699.935913085938,546.0405349731445,11945.958137512207
2021-11-26,-307199.93591308594,243851.90963745117,121169.92950439453,57821.903228759766
2021-11-29,53999.86267089844,-40067.93975830078,-24192.00897216797,-10260.086059570312
2021-11-30,-113099.89929199219,81480.00240325928,37085.9956741333,5466.098785400391
2021-12-01,-18300.018310546875,24360.036849975586,-5585.975646972656,474.0428924560547
2021-12-02,27900.009155273438,-13944.010734558105,-11045.980453491211,2910.017967224121
2021-12-03,-7199.9359130859375,12431.960105895996,2099.947929382324,7331.972122192383
2021-12-06,96899.87182617188,-75935.88352203369,-30575.966835021973,-9611.978530883789
2021-12-07,76800.15563964844,-47627.99263000488,-22428.016662597656,6744.146347045898
2021-12-08,9299.9267578125,-40740.05126953125,-15414.0043258667,-46854.12883758545
2021-12-09,-42599.945068359375,16883.89778137207,4620.065689086914,-21095.98159790039
2021-12-10,21899.871826171875,-7392.024993896484,-546.0405349731445,13961.806297302246
2021-12-13,-11399.917602539062,17388.181686401367,7896.008491516113,13884.272575378418
2021-12-14,-16799.9267578125,4787.893295288086,6048.002243041992,-5964.031219482422
2021-12-15,4199.981689453125,-14028.024673461914,-840.0392532348633,-10668.082237243652
2021-12-16,45299.835205078125,-42251.901626586914,-19277.944564819336,-16230.010986328125
2021-12-17,-45599.89929199219,47123.90899658203,19488.02947998047,21012.039184570312
2021-12-20,-78899.91760253906,26628.11279296875,19697.914123535156,-32573.890686035156
2021-12-21,86699.98168945312,-52248.0583190918,-35616.00208282471,-1164.078712463379
2021-12-22,49199.981689453125,-13271.99935913086,-20999.979972839355,14928.00235748291
2021-12-23,30899.96337890625,-32004.003524780273,-9911.942481994629,-11015.982627868652
2021-12-27,53399.96337890625,-23352.069854736328,-9281.988143920898,20765.905380249023
2021-12-28,12300.10986328125,-11088.037490844727,-7518.095970153809,-6306.023597717285
2021-12-29,17399.826049804688,-20663.8240814209,-2687.9453659057617,-5951.943397521973
2021-12-30,12900.009155273438,-21083.993911743164,-7602.0097732543945,-15785.994529724121
2021-12-31,-53399.96337890625,57372.00736999512,27635.979652404785,31608.023643493652
2022-01-03,26100.082397460938,-23520.097732543945,-11465.950012207031,-8885.965347290039
2022-01-04,27299.880981445312,-16631.956100463867,-21881.97612762451,-11214.051246643066
2022-01-05,25800.018310546875,-13271.99935913086,-15372.047424316406,-2844.0284729003906
2022-01-06,48300.018310546875,-10248.098373413086,-13271.99935913086,24779.92057800293
2022-01-07,-16799.9267578125,4536.151885986328,-1722.0354080200195,-13985.810279846191
2022-01-10,-20099.945068359375,19739.971160888672,-2436.0036849975586,-2795.9775924682617
2022-01-11,89699.93591308594,-68880.01441955566,-31919.989585876465,-11100.068092346191
2022-01-12,42599.945068359375,-28056.049346923828,-12851.929664611816,1691.9660568237305
2022-01-13,-15599.899291992188,5628.032684326172,-6006.045341491699,-15977.911949157715
2022-01-14,50999.908447265625,-29315.95802307129,-10835.9956741333,10847.954750061035
2022-01-18,48300.018310546875,-10751.981735229492,-16674.013137817383,20874.0234375
2022-01-19,45899.96337890625,-21168.107986450195,-7686.023712158203,17045.83168029785
2022-01-20,-1799.9267578125,-4367.923736572266,8610.076904296875,2442.2264099121094
2022-01-21,-52800.06408691406,16631.956100463867,-8148.050308227539,-44316.158294677734
2022-01-24,-54900.054931640625,37295.98045349121,26796.040534973145,9191.96605682373
2022-01-25,68700.02746582031,-51660.06088256836,-17514.052391052246,-474.08580780029297
2022-01-26,52500.0,-53256.025314331055,-31457.96298980713,-32213.988304138184
2022-01-27,-22199.935913085938,1596.1647033691406,-21210.06488800049,-41813.836097717285
2022-01-28,6299.9725341796875,-17892.065048217773,3780.026435852051,-7812.066078186035
2022-01-31,39900.054931640625,-10080.070495605469,11045.980453491211,40865.96488952637
2022-02-01,1499.8626708984375,-17556.00929260254,7560.052871704102,-8496.09375
2022-02-02,1800.1556396484375,-26712.026596069336,-11633.977890014648,-36545.84884643555
2022-02-03,60299.835205078125,-29987.869262695312,-29652.013778686523,659.9521636962891
2022-02-04,61200.02746582031,-30071.983337402344,-14951.977729797363,16176.066398620605
2022-02-07,-29699.935913085938,-5712.146759033203,8273.921012878418,-27138.161659240723
2022-02-08,-58799.97253417969,50568.180084228516,26376.070976257324,18144.278526306152
2022-02-09,9000.091552734375,-23772.03941345215,-13565.998077392578,-28337.94593811035
2022-02-10,6599.8077392578125,-10080.070495605469,-966.0100936889648,-4446.272850036621
2022-02-11,96600.03662109375,-61487.98942565918,-35154.075622558594,-42.02842712402344
2022-02-14,70800.01831054688,-34272.07946777344,-21377.992630004883,15149.946212768555
2022-02-15,-101699.98168945312,92652.05383300781,42966.0701751709,33918.142318725586
2022-02-16,47700.11901855469,-6719.913482666016,839.9391174316406,41820.14465332031
2022-02-17,-57000.04577636719,23939.86701965332,29946.012496948242,-3114.166259765625
2022-02-18,-20700.0732421875,-17639.923095703125,1973.9770889282227,-36366.0192489624
2022-02-22,38399.96337890625,-34607.93495178223,-15665.946006774902,-11873.917579650879
2022-02-23,-7500.0,-12180.118560791016,-4368.023872375488,-24048.142433166504
2022-02-24,21299.972534179688,-38387.861251831055,-28433.961868286133,-45521.8505859375
2022-02-25,-36600.03662109375,36707.98301696777,19907.99903869629,20015.945434570312
2022-02-28,123900.146484375,-58548.00224304199,-68838.05751800537,-3485.9132766723633
2022-03-01,230700.0732421875,-245028.1047821045,-57833.93383026123,-72161.96537017822
2022-03-02,215699.84436035156,-184463.96827697754,-144312.01457977295,-113076.13849639893
2022-03-03,-87900.00915527344,20076.026916503906,-3654.055595397949,-71478.03783416748
2022-03-04,240300.06408691406,-218063.9362335205,-114617.94376373291,-92381.81591033936
2022-03-07,111600.03662109375,-23604.01153564453,-60984.00592803955,27012.019157409668
2022-03-08,128999.86267089844,-92820.08171081543,-216636.09981536865,-180456.31885528564
2022-03-09,-450000.0,326591.92085266113,408660.1209640503,285252.0418167114
2022-03-10,-80400.00915527344,115164.1845703125,70601.94969177246,105366.12510681152
2022-03-11,99300.15563964844,-130536.03172302246,-50987.94937133789,-82223.82545471191
2022-03-14,-189599.99084472656,120287.93334960938,59345.98445892334,-9966.073036193848
2022-03-15,-197099.99084472656,143471.9753265381,103571.9633102417,49943.94779205322
2022-03-16,-42000.04577636719,8904.075622558594,-29567.999839782715,-62663.96999359131
2022-03-17,238200.0732421875,-192443.99070739746,-162666.00608825684,-116909.9235534668
2022-03-18,51599.80773925781,-18648.090362548828,-46493.9546585083,-13542.237281799316
2022-03-21,222600.1739501953,-111551.8856048584,-85176.01490020752,25872.273445129395
2022-03-22,-10800.018310546875,34355.99327087402,-26586.055755615234,-3030.080795288086
2022-03-23,95099.94506835938,-90720.03364562988,-105251.9416809082,-100872.03025817871
2022-03-24,-77700.11901855469,41160.02082824707,-16211.986541748047,-52752.084732055664
2022-03-25,46800.15563964844,-67452.07786560059,16295.900344848633,-4356.021881103516
2022-03-28,-238200.0732421875,211007.96699523926,139104.05158996582,111911.94534301758
2022-03-29,-51600.03662109375,13020.057678222656,28266.03412628174,-10313.944816589355
2022-03-30,107400.05493164062,-102228.04069519043,-38808.03108215332,-33636.016845703125
2022-03-31,-226200.0274658203,113736.04774475098,49266.014099121094,-63197.96562194824
2022-04-01,-30300.064086914062,30323.925018310547,112223.99711608887,112247.85804748535
2022-04-04,120300.06408691406,-37464.00833129883,-51281.94808959961,31554.107666015625
2022-04-05,-39599.99084472656,27888.02146911621,32717.971801757812,21006.00242614746
2022-04-06,-171899.87182617188,99708.02307128906,51659.96074676514,-20531.888008117676
2022-04-07,-6000.1373291015625,5376.091003417969,32507.987022399902,31883.94069671631
2022-04-08,66900.10070800781,-77111.97853088379,-20915.966033935547,-31127.843856811523
2022-04-11,-119100.03662109375,107939.98718261719,20958.023071289062,9797.9736328125
2022-04-12,189299.9267578125,-126588.07754516602,-82614.04037475586,-19902.191162109375
2022-04-13,109500.04577636719,-115500.04005432129,-106679.9783706665,-112679.9726486206
2022-04-14,80999.90844726562,-75684.04197692871,-57287.99343109131,-51972.126960754395
2022-04-18,37800.06408691406,2772.1595764160156,-15120.00560760498,25452.218055725098
2022-04-19,-169500.0457763672,109787.89329528809,12137.961387634277,-47574.191093444824
2022-04-20,5700.0732421875,-31416.006088256836,-46703.93943786621,-72419.87228393555
2022-04-21,31200.027465820312,-45191.8888092041,30365.982055664062,16374.120712280273
2022-04-22,-51600.03662109375,28223.876953125,-15876.030921936035,-39252.190589904785
2022-04-25,-105899.96337890625,54768.075942993164,-63965.95001220703,-115097.83744812012
2022-04-26,94799.88098144531,-83159.98077392578,-158339.93911743164,-146700.0389099121
2022-04-27,9599.990844726562,-98448.1143951416,-86688.16566467285,-175536.2892150879
2022-04-28,100200.11901855469,-39815.99807739258,-193661.8423461914,-133277.7214050293
2022-04-29,-20099.945068359375,26292.057037353516,148553.8673400879,154745.97930908203
2022-05-02,14399.871826171875,-31919.889450073242,242256.14547729492,224736.12785339355
2022-05-03,-82799.83520507812,7475.93879699707,51324.005126953125,-23999.89128112793
2022-05-04,161999.81689453125,-126923.9330291748,-48006.10542297363,-12930.221557617188
2022-05-05,13500.137329101562,-5376.091003417969,65394.086837768555,73518.13316345215
2022-05-06,45299.835205078125,-84252.06184387207,36539.955139160156,-2412.271499633789
2022-05-09,-200400.00915527344,98364.00032043457,50148.01025390625,-51887.99858093262
2022-05-10,-99899.82604980469,84335.97564697266,-40866.02210998535,-56429.87251281738
2022-05-11,178499.90844726562,-120959.8445892334,-7980.022430419922,49560.041427612305
2022-05-12,12599.945068359375,-89207.98301696777,14741.992950439453,-61866.044998168945
2022-05-13,130800.01831054688,-139524.02114868164,-2142.00496673584,-10866.007804870605
2022-05-16,111299.97253417969,-54684.16213989258,5754.003524780273,62369.81391906738
2022-05-17,-53999.86267089844,68208.10317993164,45444.03076171875,59652.27127075195
2022-05-18,-84300.15563964844,185724.07722473145,55103.93142700195,156527.85301208496
2022-05-19,78600.08239746094,-93324.16534423828,-52037.973403930664,-66762.05635070801
2022-05-20,30600.128173828125,-4451.837539672852,22218.031883239746,48366.32251739502
2022-05-23,-88200.0732421875,33011.97052001953,-12474.017143249512,-67662.11986541748
2022-05-24,-15600.128173828125,-11172.151565551758,-5460.004806518555,-32232.284545898438
2022-05-25,16800.155639648438,-17387.981414794922,-35531.9881439209,-36119.81391906738
2022-05-26,112799.83520507812,-38387.861251831055,-42671.97132110596,31740.002632141113
2022-05-27,29400.100708007812,-116256.06536865234,-14658.079147338867,-101514.0438079834
2022-05-31,-12000.045776367188,-54263.99230957031,-36959.92469787598,-103223.96278381348
2022-06-01,17700.119018554688,7392.024993896484,-22008.047103881836,3084.096908569336
2022-06-02,48300.018310546875,-100211.90643310547,-27341.880798339844,-79253.76892089844
2022-06-03,60000.0,-51492.23327636719,-30198.15444946289,-21690.387725830078
2022-06-06,-11100.082397460938,49728.240966796875,-33515.85388183594,5112.3046875
2022-06-07,27300.10986328125,29651.813507080078,16589.89906311035,73541.82243347168
2022-06-08,80999.90844726562,-53927.93655395508,2645.9884643554688,29717.960357666016
2022-06-09,-17999.954223632812,-45611.85836791992,-37547.922134399414,-101159.73472595215
2022-06-10,-25200.119018554688,87359.67636108398,15539.875030517578,77699.43237304688
2022-06-13,7800.0640869140625,114996.35696411133,34986.04774475098,157782.46879577637
2022-06-14,-60000.0,34859.87663269043,-46451.99775695801,-71592.12112426758
2022-06-15,-108600.08239746094,83663.86413574219,-64259.94873046875,-89196.1669921875
2022-06-16,68399.96337890625,-51743.974685668945,-10206.04133605957,6449.947357177734
2022-06-17,-240899.96337890625,136752.06184387207,97230.06248474121,-6917.839050292969
2022-06-21,32700.119018554688,-1260.1089477539062,-7811.994552612305,23628.015518188477
2022-06-22,-133799.9725341797,-33263.912200927734,-19404.115676879883,-186468.0004119873
2022-06-23,-57600.17395019531,57540.035247802734,28013.992309570312,27953.853607177734
2022-06-24,100500.18310546875,-100127.99263000488,-10499.839782714844,-10127.649307250977
2022-06-27,58499.908447265625,39984.025955200195,55733.985900878906,154217.92030334473
2022-06-28,65700.0732421875,-82236.12785339355,12935.943603515625,-3600.1110076904297
2022-06-29,-59400.10070800781,90804.14772033691,68334.07402038574,99738.12103271484
2022-06-30,-120599.89929199219,148847.8660583496,58169.88945007324,86417.85621643066
2022-07-01,80099.94506835938,-31919.889450073242,-17093.982696533203,31086.07292175293
2022-07-05,-267900.00915527344,301391.9448852539,141666.02611541748,175157.96184539795
2022-07-06,-29100.03662109375,77616.06216430664,80219.9935913086,128736.01913452148
2022-07-07,126000.13732910156,-154391.9849395752,-110585.97564697266,-138977.8232574463
2022-07-08,61799.9267578125,-22428.016662597656,419.9695587158203,39791.879653930664
2022-07-11,-21000.137329101562,-12684.001922607422,-39984.025955200195,-73668.16520690918
2022-07-12,-247500.0,165983.90579223633,44309.99279022217,-37206.101417541504
2022-07-13,13800.201416015625,25956.00128173828,-1385.9796524047852,38370.22304534912
2022-07-14,-15600.128173828125,39396.02851867676,6929.998397827148,30725.89874267578
2022-07-15,54299.9267578125,-22176.074981689453,-20831.95209503174,11291.899681091309
2022-07-18,150300.06408691406,-42924.01313781738,18269.977569580078,125646.02851867676
2022-07-19,48600.08239746094,-36287.81318664551,12053.947448730469,24366.2166595459
2022-07-20,-58799.97253417969,26963.96827697754,9450.016021728516,-22385.988235473633
2022-07-21,-177300.10986328125,105756.02531433105,5879.974365234375,-65664.11018371582
2022-07-22,-49500.04577636719,-61572.10350036621,56574.02515411377,-54498.12412261963
2022-07-25,60000.0,-133727.96058654785,-25619.945526123047,-99347.9061126709
2022-07-26,-51599.80773925781,22679.95834350586,-28266.03412628174,-57185.88352203369
2022-07-27,68399.96337890625,-61992.07305908203,-56027.984619140625,-49620.094299316406
2022-07-28,-25200.119018554688,-30071.983337402344,13019.957542419434,-42252.1448135376
2022-07-29,66000.13732910156,-19739.971160888672,25871.987342834473,72132.15351104736
2022-08-01,-141900.1007080078,411600.00801086426,77574.00512695312,347273.91242980957
2022-08-02,15899.96337890625,-49223.95706176758,25032.048225402832,-8291.945457458496
2022-08-03,-112799.83520507812,121380.01441955566,-14447.994232177734,-5867.815017700195
2022-08-04,-63600.08239746094,99708.02307128906,32592.00096130371,68699.94163513184
2022-08-05,14100.03662109375,-52164.14451599121,50945.9924697876,12881.884574890137
2022-08-08,52500.0,-25703.859329223633,15455.961227416992,42252.10189819336
2022-08-09,-7800.0640869140625,-62160.10093688965,-64974.01714324951,-134934.18216705322
2022-08-10,42900.00915527344,-92484.0259552002,-32129.974365234375,-81713.99116516113
2022-08-11,72299.88098144531,-1007.9669952392578,-30953.9794921875,40337.934494018555
2022-08-12,-67500.0,21420.0496673584,-14196.052551269531,-60276.00288391113
2022-08-15,-80399.7802734375,79212.02659606934,32550.044059753418,31362.290382385254
2022-08-16,-86400.146484375,42839.89906311035,-16758.02707672119,-60318.27449798584
2022-08-17,47400.054931640625,-28391.904830932617,-57623.94905090332,-38615.79895019531
2022-08-18,71699.98168945312,-76943.95065307617,-13565.998077392578,-18809.967041015625
2022-08-19,8099.8992919921875,7223.997116088867,-21336.03572845459,-6012.139320373535
2022-08-22,-16199.798583984375,106091.88079833984,-31794.018745422363,58098.063468933105
2022-08-23,105299.83520507812,-35112.01858520508,-27594.022750854492,42593.793869018555
2022-08-24,34500.04577636719,111132.11631774902,-71945.87230682373,73686.28978729248
2022-08-25,-71100.08239746094,-9575.986862182617,26921.911239624023,-53754.15802001953
2022-08-26,16200.027465820312,-32928.056716918945,-24569.921493530273,-41297.950744628906
2022-08-29,118500.13732910156,-22091.960906982422,41033.949851989746,137442.1262741089
2022-08-30,-161100.08239746094,153887.90130615234,38975.958824157715,31763.77773284912
2022-08-31,-62699.89013671875,74340.01922607422,42714.02835845947,54354.15744781494
2022-09-01,-88200.0732421875,185304.10766601562,64764.0323638916,161868.06678771973
2022-09-02,7800.0640869140625,-65771.99935913086,-7056.069374084473,-65028.00464630127
2022-09-06,299.835205078125,40067.93975830078,1763.9923095703125,42131.76727294922
2022-09-07,-148199.84436035156,90888.0615234375,-5123.94905090332,-62435.73188781738
2022-09-08,47999.95422363281,-32256.145477294922,19277.944564819336,35021.75331115723
2022-09-09,97500.0,-73079.91027832031,-16211.986541748047,8208.10317993164
2022-09-12,29699.935913085938,-9827.92854309082,-10247.998237609863,9624.009132385254
2022-09-13,-14100.03662109375,-29904.155731201172,25956.00128173828,-18048.19107055664
2022-09-14,35100.17395019531,-37043.83850097656,68208.00304412842,66264.33849334717
2022-09-15,-101400.146484375,80471.9352722168,72954.03957366943,52025.82836151123
2022-09-16,300.0640869140625,10920.00961303711,13734.025955200195,24954.099655151367
2022-09-19,18600.082397460938,-40655.93719482422,-58086.07578277588,-80141.93058013916
2022-09-20,-38400.19226074219,13691.96891784668,-25787.973403930664,-50496.19674682617
2022-09-21,-45299.835205078125,-32508.087158203125,16127.972602844238,-61679.94976043701
2022-09-22,16499.862670898438,-24528.064727783203,-32633.957862854004,-40662.15991973877
2022-09-23,-142500.0,111468.17207336426,73248.03829193115,42216.21036529541
2022-09-26,-60899.96337890625,-1008.1672668457031,45359.91668701172,-16548.213958740234
2022-09-27,53700.02746582031,-91475.85868835449,-54936.00368499756,-92711.83490753174
2022-09-28,109500.04577636719,-71232.00416564941,-79589.93911743164,-41321.89750671387
2022-09-29,-27599.945068359375,59051.8856048584,14616.022109985352,46067.962646484375
2022-09-30,-52200.164794921875,29400.07209777832,19151.973724365234,-3648.1189727783203
2022-10-03,124199.98168945312,-33852.10990905762,-42.057037353515625,90305.81474304199
2022-10-04,86699.98168945312,-142883.97789001465,-70013.95225524902,-126197.94845581055
2022-10-05,37200.164794921875,12180.118560791016,-63461.9665145874,-14081.683158874512
2022-10-06,20699.844360351562,-10836.095809936523,-74760.08892059326,-64896.34037017822
2022-10-07,125700.0732421875,-44688.005447387695,-64596.004486083984,16416.06330871582
2022-10-10,-45300.06408691406,93911.96250915527,43680.03845214844,92291.93687438965
2022-10-11,-53399.96337890625,-3779.926300048828,-6761.970520019531,-63941.86019897461
2022-10-12,-62400.054931640625,-2520.017623901367,-840.0392532348633,-65760.11180877686
2022-10-13,55200.11901855469,-61403.87535095215,-68039.9751663208,-74243.73149871826
2022-10-14,-105000.0,60899.99198913574,48131.97612762451,4031.968116760254
2022-10-17,-4500.0457763671875,31751.861572265625,-44099.907875061035,-16848.092079162598
2022-10-18,-79199.98168945312,35700.016021728516,38513.93222808838,-4986.0334396362305
2022-10-19,81900.10070800781,-85343.94264221191,37464.00833129883,34020.16639709473
2022-10-20,12900.009155273438,3696.012496948242,61950.016021728516,78546.0376739502
2022-10-21,-27900.009155273438,-11927.976608276367,-31710.004806518555,-71537.99057006836
2022-10-24,-14100.03662109375,-57288.09356689453,-36876.01089477539,-108264.14108276367
2022-10-25,22199.935913085938,-156071.86317443848,-19782.028198242188,-153653.95545959473
2022-10-26,77700.11901855469,13943.910598754883,-64217.99182891846,27426.037788391113
2022-10-27,35099.945068359375,-94248.01826477051,-89795.98045349121,-148944.05364990234
2022-10-28,-35400.00915527344,88200.01602172852,-90677.97660827637,-37877.96974182129
2022-10-31,-41100.08239746094,80556.04934692383,150738.02947998047,190193.99642944336
2022-11-01,55200.11901855469,181607.89489746094,239315.9580230713,476123.9719390869
2022-11-02,48899.91760253906,-86267.99583435059,-23646.068572998047,-61014.14680480957
2022-11-03,-54900.054931640625,2771.9593048095703,-78917.9277420044,-131046.02336883545
2022-11-04,133200.0732421875,-34355.99327087402,-20789.995193481445,78054.08477783203
2022-11-07,-24599.990844726562,68628.07273864746,56153.95545959473,100182.03735351562
2022-11-08,-86399.91760253906,13776.082992553711,4368.023872375488,-68255.81073760986
2022-11-09,-92400.05493164062,77363.92021179199,48047.9621887207,33011.82746887207
2022-11-10,19199.981689453125,-18227.920532226562,36497.99823760986,37470.059394836426
2022-11-11,74699.93591308594,-36372.127532958984,5922.031402587891,44249.839782714844
2022-11-14,-92699.89013671875,68123.98910522461,4746.036529541016,-19829.864501953125
2022-11-15,31499.862670898438,10416.126251220703,-40866.02210998535,1049.966812133789
2022-11-16,-39900.054931640625,6804.027557373047,11633.977890014648,-21462.04948425293
2022-11-17,-118499.90844726562,44771.91925048828,37295.98045349121,-36432.00874328613
2022-11-18,-46799.9267578125,28476.01890563965,2814.016342163086,-15509.891510009766
2022-11-21,-10499.954223632812,-13691.96891784668,8736.047744750977,-15455.875396728516
2022-11-22,36599.80773925781,-86855.99327087402,10920.00961303711,-39336.1759185791
2022-11-23,-90299.83520507812,55523.90098571777,47039.995193481445,12264.060974121094
2022-11-25,-49800.10986328125,122807.95097351074,50483.96587371826,123491.80698394775
2022-11-28,28799.972534179688,-2015.9339904785156,9953.999519348145,36738.03806304932
2022-11-29,28799.972534179688,-1259.908676147461,-33810.0528717041,-6269.989013671875
2022-11-30,70500.18310546875,-72576.0269165039,-28139.963150024414,-30215.80696105957
2022-12-01,20099.945068359375,64259.94873046875,42210.044860839844,126569.93865966797
2022-12-02,-37199.93591308594,51743.974685668945,39437.98542022705,53982.02419281006
2022-12-05,-91500.09155273438,65940.02723693848,70853.99150848389,45293.92719268799
2022-12-06,-80400.00915527344,44351.94969177246,35406.0173034668,-642.0421600341797
2022-12-07,-67199.93591308594,60396.108627319336,56699.99599456787,49896.16870880127
2022-12-08,-16500.091552734375,23604.01153564453,-41706.061363220215,-34602.14138031006
2022-12-09,-13200.0732421875,-5879.974365234375,36162.04261779785,17081.995010375977
2022-12-12,64500.04577636719,-20916.166305541992,-73415.96603393555,-29832.08656311035
2022-12-13,66600.03662109375,-67116.02210998535,-51954.05960083008,-52470.04508972168
2022-12-14,56699.981689453125,-70139.92309570312,-77531.94808959961,-90971.88949584961
2022-12-15,-35099.945068359375,65184.00192260742,-2772.059440612793,27311.997413635254
2022-12-16,-54599.99084472656,28980.1025390625,68670.02964019775,43050.14133453369
2022-12-19,27000.045776367188,-38052.005767822266,27888.02146911621,16836.061477661133
2022-12-20,26999.81689453125,-37968.09196472168,-2268.075942993164,-13236.351013183594
2022-12-21,66000.13732910156,-27719.993591308594,-33851.90963745117,4428.234100341797
2022-12-22,-24000.091552734375,5879.974365234375,3401.913642883301,-14718.2035446167
2022-12-23,62099.99084472656,-113231.96411132812,-56573.92501831055,-107705.89828491211
2022-12-27,-899.96337890625,19656.057357788086,-36791.99695587158,-18035.902976989746
2022-12-28,-17099.990844726562,-2268.075942993164,-10122.027397155762,-29490.09418487549
2022-12-29,-16799.9267578125,-6551.885604858398,27216.010093688965,3864.1977310180664
2022-12-30,55800.018310546875,-74592.16117858887,-20664.024353027344,-39456.167221069336
2023-01-03,-99900.05493164062,82571.98333740234,115794.03877258301,98465.96717834473
2023-01-04,-122700.11901855469,85679.99839782715,48131.97612762451,11111.855506896973
2023-01-05,24900.054931640625,-6635.99967956543,-168.0278778076172,18096.027374267578
2023-01-06,2999.9542236328125,18900.03204345703,-13523.941040039062,8376.045227050781
2023-01-09,25800.018310546875,-40572.02339172363,-13230.042457580566,-28002.047538757324
2023-01-10,14700.164794921875,-29231.843948364258,-41873.98910522461,-56405.66825866699
2023-01-11,68700.02746582031,-89712.06665039062,-34524.02114868164,-55536.06033325195
2023-01-12,29399.871826171875,-34272.07946777344,-462.02659606933594,-5334.234237670898
2023-01-13,44100.03662109375,-48299.903869628906,-15497.918128967285,-19697.78537750244
2023-01-17,9599.990844726562,-10332.012176513672,2057.9910278320312,1325.9696960449219
2023-01-18,-20999.908447265625,18144.006729125977,-5040.035247802734,-7895.936965942383
2023-01-19,25499.954223632812,-61572.10350036621,-47418.00785064697,-83490.15712738037
2023-01-20,29399.871826171875,-40823.965072631836,-38177.97660827637,-49602.06985473633
2023-01-23,9300.155639648438,-42924.01313781738,-35322.00336456299,-68945.86086273193
2023-01-24,-44700.164794921875,40152.05383300781,51953.959465026855,47405.84850311279
2023-01-25,600.128173828125,46451.99775695801,27678.0366897583,74730.16262054443
2023-01-26,25800.018310546875,-15707.902908325195,-14784.049987792969,-4691.934585571289
2023-01-27,-39900.054931640625,19739.971160888672,55020.01762390137,34859.933853149414
2023-01-30,-53399.96337890625,75347.98622131348,64974.01714324951,86922.03998565674
2023-01-31,29100.03662109375,-37464.00833129883,-30030.02643585205,-38393.99814605713
2023-02-01,-73799.97253417969,75347.98622131348,97103.99150848389,98652.00519561768
2023-02-02,-15900.192260742188,1259.908676147461,22848.0863571167,8207.802772521973
2023-02-03,-74699.93591308594,110291.97692871094,50987.94937133789,86579.99038696289
2023-02-06,21600.03662109375,-44015.89393615723,2772.059440612793,-19643.797874450684
2023-02-07,90899.96337890625,-70056.00929260254,-56994.09484863281,-36150.1407623291
2023-02-08,39900.054931640625,-5040.035247802734,4662.022590637207,39522.0422744751
2023-02-09,-12300.10986328125,12852.029800415039,32718.071937561035,33269.991874694824
2023-02-10,49800.10986328125,-47208.02307128906,-20664.024353027344,-18071.937561035156
2023-02-13,12599.945068359375,-23016.014099121094,-17262.01057434082,-27678.07960510254
2023-02-14,-32400.054931640625,35783.9298248291,-14447.994232177734,-11064.119338989258
2023-02-15,-14100.03662109375,-7811.994552612305,40194.010734558105,18281.97956085205
2023-02-16,-2999.9542236328125,52332.17239379883,14111.9384765625,63444.156646728516
2023-02-17,-64500.04577636719,22931.900024414062,41454.01954650879,-114.12620544433594
2023-02-21,-5399.7802734375,-6216.030120849609,-33515.95401763916,-45131.76441192627
2023-02-22,-66300.20141601562,65520.057678222656,32382.0161819458,31601.872444152832
2023-02-23,43200.0732421875,-35195.932388305664,2813.9162063598633,10818.0570602417
2023-02-24,27900.009155273438,17471.895217895508,-37001.98173522949,8369.922637939453
2023-02-27,-19199.981689453125,-8063.936233520508,-9911.942481994629,-37175.86040496826
2023-02-28,41100.08239746094,-55439.98718261719,-462.02659606933594,-14801.931381225586
2023-03-01,19199.981689453125,-202019.97756958008,-22218.031883239746,-205038.0277633667
2023-03-02,14100.03662109375,-21420.0496673584,3192.0289993286133,-4127.984046936035
2023-03-03,45599.89929199219,-42084.07402038574,-19698.01425933838,-16182.188987731934
2023-03-06,23399.96337890625,-38723.91700744629,11129.99439239502,-4193.9592361450195
2023-03-07,-86399.91760253906,80471.9352722168,37422.051429748535,31494.06909942627
2023-03-08,-27599.945068359375,9912.042617797852,23351.969718933105,5664.067268371582
2023-03-09,-28200.0732421875,70392.06504821777,30659.98077392578,72851.97257995605
2023-03-10,28799.972534179688,-34188.16566467285,-43680.03845214844,-49068.2315826416
2023-03-13,-56399.91760253906,45696.1727142334,4788.093566894531,-5915.651321411133
2023-03-14,-104100.03662109375,32255.945205688477,19781.928062438965,-52062.16335296631
2023-03-15,-111600.03662109375,96263.95225524902,45990.071296691895,30653.986930847168
2023-03-16,22199.935913085938,-54683.96186828613,-16212.08667755127,-48696.112632751465
2023-03-17,-48300.018310546875,1680.0785064697266,-14783.949851989746,-61403.889656066895
2023-03-20,27000.045776367188,-28980.1025390625,-3527.984619140625,-5508.0413818359375
2023-03-21,50700.0732421875,-2435.903549194336,-1302.0658493041992,46962.103843688965
2023-03-22,47099.99084472656,-45612.05863952637,-21041.93687438965,-19554.004669189453
2023-03-23,-28200.0732421875,-10668.067932128906,23351.969718933105,-15516.1714553833
2023-03-24,-20999.908447265625,14616.022109985352,-4409.980773925781,-10793.867111206055
2023-03-27,106499.86267089844,-80388.02146911621,-31584.033966064453,-5472.192764282227
2023-03-28,11699.981689453125,-23435.983657836914,336.0557556152344,-11399.946212768555
2023-03-29,-6899.871826171875,36959.92469787598,46830.010414123535,76890.06328582764
2023-03-30,42000.04577636719,5628.032684326172,14447.994232177734,62076.072692871094
2023-03-31,38999.86267089844,-32843.942642211914,-22092.061042785645,-15936.141014099121
2023-04-03,142500.0,-47879.934310913086,5754.003524780273,100374.06921386719
2023-04-04,8700.027465820312,17136.03973388672,-1721.9352722167969,24114.131927490234
2023-04-05,-2999.9542236328125,-69720.15380859375,-27006.025314331055,-99726.13334655762
2023-04-06,2699.89013671875,5712.146759033203,29609.956741333008,38021.99363708496
2023-04-10,-28799.972534179688,4535.951614379883,-8778.00464630127,-33042.025566101074
2023-04-11,53700.02746582031,-48132.076263427734,5544.018745422363,11111.969947814941
2023-04-12,51900.10070800781,-6299.943923950195,-14657.979011535645,30942.177772521973
2023-04-13,-32999.95422363281,34439.90707397461,12725.958824157715,14165.911674499512
2023-04-14,10799.789428710938,-3527.984619140625,14112.038612365723,21383.843421936035
2023-04-17,-50699.84436035156,51996.116638183594,10289.955139160156,11586.227416992188
2023-04-18,899.96337890625,19403.915405273438,6216.030120849609,26519.908905029297
2023-04-19,-50999.908447265625,88536.07177734375,17724.037170410156,55260.20050048828
2023-04-20,-56100.08239746094,49643.9266204834,26375.9708404541,19919.815063476562
2023-04-21,17400.054931640625,-12767.915725708008,2645.9884643554688,7278.127670288086
2023-04-24,26699.981689453125,-25368.003845214844,-17807.950973510742,-16475.97312927246
2023-04-25,-50700.0732421875,36288.01345825195,33557.91091918945,19145.851135253906
2023-04-26,-83099.89929199219,32927.8564453125,32802.085876464844,-17369.956970214844
2023-04-27,13799.972534179688,13944.110870361328,7896.008491516113,35640.09189605713
2023-04-28,60599.89929199219,-37968.09196472168,-10290.055274963379,12341.752052307129
2023-05-01,-33599.853515625,23184.04197692871,-1511.9504928588867,-11927.762031555176
2023-05-02,-120000.0,96348.06632995605,39101.92966461182,15449.995994567871
2023-05-03,-91800.15563964844,95424.01313781738,23898.01025390625,27521.867752075195
2023-05-04,-1200.0274658203125,-3192.129135131836,-2687.9453659057617,-7080.10196685791
2023-05-05,83399.96337890625,-44603.891372680664,-31919.989585876465,6876.082420349121
2023-05-08,54600.2197265625,-69384.09805297852,-26460.084915161133,-41243.96324157715
2023-05-09,16499.862670898438,-15371.847152709961,-5249.919891357422,-4121.904373168945
2023-05-10,-34500.04577636719,-12600.088119506836,-1344.0227508544922,-48444.156646728516
2023-05-11,-50699.84436035156,31247.97821044922,18438.005447387695,-1013.8607025146484
2023-05-12,-24900.054931640625,23099.92790222168,18479.96234893799,16679.835319519043
2023-05-15,32099.990844726562,-35111.81831359863,-30449.99599456787,-33461.82346343994
2023-05-16,-7500.0,-5964.088439941406,5922.031402587891,-7542.057037353516
2023-05-17,59100.03662109375,-75684.04197692871,-24654.035568237305,-41238.040924072266
2023-05-18,-29100.03662109375,756.0253143310547,8399.991989135742,-19944.019317626953
2023-05-19,-9299.9267578125,-6552.085876464844,16968.0118560791,1115.9992218017578
2023-05-22,13199.844360351562,-61151.933670043945,-1763.9923095703125,-49716.081619262695
2023-05-23,27600.173950195312,-11171.951293945312,1973.9770889282227,18402.199745178223
2023-05-24,42899.7802734375,-49560.01281738281,-21840.01922607422,-28500.25177001953
2023-05-25,-75299.83520507812,40067.93975830078,28350.048065185547,-6881.847381591797
2023-05-26,25199.89013671875,-25115.861892700195,-9701.957702636719,-9617.929458618164
2023-05-30,-96299.97253417969,90299.86381530762,37169.90947723389,31169.800758361816
2023-05-31,-41100.08239746094,30240.01121520996,8904.075622558594,-1955.9955596923828
2023-06-01,60300.06408691406,103908.11920166016,-23141.984939575195,141066.19834899902
2023-06-02,49199.981689453125,-54180.07850646973,-17724.037170410156,-22704.133987426758
2023-06-05,12300.10986328125,-19907.99903869629,-8652.033805847168,-16259.922981262207
2023-06-06,-12300.10986328125,-33516.05415344238,4074.0251541137695,-41742.13886260986
2023-06-07,23700.027465820312,-64596.004486083984,-14279.966354370117,-55175.94337463379
2023-06-08,-37199.93591308594,23940.067291259766,5039.935111999512,-8219.93350982666
2023-06-09,-33600.08239746094,16380.014419555664,12096.004486083984,-5124.063491821289
2023-06-12,-91499.86267089844,92903.99551391602,21798.062324523926,23202.195167541504
2023-06-13,68999.86267089844,-63251.98173522949,-36288.01345825195,-30540.132522583008
2023-06-14,-34500.04577636719,2771.9593048095703,15875.930786132812,-15852.155685424805
2023-06-15,70500.18310546875,-73164.02435302734,-51197.9341506958,-53861.775398254395
2023-06-16,34799.88098144531,-32592.00096130371,-30155.997276306152,-27948.11725616455
2023-06-20,-38399.96337890625,59892.024993896484,31919.989585876465,53412.0512008667
2023-06-21,60899.96337890625,-12515.974044799805,-37295.98045349121,11088.008880615234
2023-06-22,-90599.89929199219,62159.9006652832,41453.91941070557,13013.920783996582
2023-06-23,-10499.954223632812,27636.079788208008,24528.064727783203,41664.1902923584
2023-06-26,6299.9725341796875,-17051.925659179688,-13314.056396484375,-24066.009521484375
2023-06-27,-50100.17395019531,17387.981414794922,16716.0701751709,-15996.122360229492
2023-06-28,55800.018310546875,-72744.05479431152,-3233.9859008789062,-20178.022384643555
2023-06-29,9000.091552734375,-12012.090682983398,-3738.069534301758,-6750.068664550781
2023-06-30,23399.96337890625,-13691.96891784668,-13691.96891784668,-3983.9744567871094
2023-07-03,-25499.954223632812,144144.08683776855,29777.984619140625,148422.11723327637
2023-07-05,60000.0,-46956.08139038086,-48719.97356414795,-35676.05495452881
2023-07-06,300.0640869140625,-21420.0496673584,5838.017463684082,-15281.968116760254
2023-07-07,61799.9267578125,-38219.83337402344,-33473.99711608887,-9893.903732299805
2023-07-10,-26100.082397460938,16547.842025756836,2477.9605865478516,-7074.27978515625
2023-07-11,55200.11901855469,-44603.891372680664,-12809.972763061523,-2213.7451171875
2023-07-12,27599.945068359375,-37212.066650390625,-6678.056716918945,-16290.178298950195
2023-07-13,34199.981689453125,-9744.014739990234,-4535.951614379883,19920.015335083008
2023-07-14,-44100.03662109375,29316.158294677734,5250.0200271606445,-9533.858299255371
2023-07-17,-38099.89929199219,10079.870223999023,14153.995513916016,-13866.033554077148
2023-07-18,47999.95422363281,-52668.02787780762,-14784.049987792969,-19452.123641967773
2023-07-19,-12000.045776367188,-21923.933029174805,-17807.950973510742,-51731.929779052734
2023-07-20,8399.96337890625,-19068.05992126465,-9492.073059082031,-20160.16960144043
2023-07-21,43200.0732421875,-49223.95706176758,-34145.90835571289,-40169.79217529297
2023-07-24,50099.945068359375,-78372.0874786377,-10416.02611541748,-38688.1685256958
2023-07-25,26699.981689453125,35112.01858520508,-2982.044219970703,58829.9560546875
2023-07-26,-25499.954223632812,-45276.00288391113,-27425.994873046875,-98201.95198059082
2023-07-27,39299.9267578125,-36371.92726135254,-31079.9503326416,-28151.95083618164
2023-07-28,14700.164794921875,-4452.037811279297,-17514.052391052246,-7265.925407409668
2023-07-31,36600.03662109375,22512.130737304688,-13565.998077392578,45546.16928100586
2023-08-01,-12900.009155273438,47039.995193481445,-13650.012016296387,20489.97402191162
2023-08-02,-56400.146484375,81647.93014526367,8021.979331970215,33269.76299285889
2023-08-03,61800.15563964844,9324.045181274414,-29651.9136428833,41472.28717803955
2023-08-04,38099.89929199219,-15455.961227416992,5333.9338302612305,27977.871894836426
2023-08-07,-26399.917602539062,-17892.065048217773,19614.00032043457,-24677.982330322266
2023-08-08,29399.871826171875,-34187.965393066406,-29441.92886352539,-34230.02243041992
2023-08-09,44400.10070800781,-69972.09548950195,-50988.04950714111,-76560.04428863525
2023-08-10,-47400.054931640625,19907.99903869629,22553.987503051758,-4938.068389892578
2023-08-11,11100.082397460938,-50567.97981262207,13356.013298034668,-26111.884117126465
2023-08-14,-20400.009155273438,49308.07113647461,13944.010734558105,42852.07271575928
2023-08-15,-45600.128173828125,49223.95706176758,25325.946807861328,28949.77569580078
2023-08-16,-48300.018310546875,-16380.014419555664,2982.044219970703,-61697.988510131836
2023-08-17,30300.064086914062,38135.91957092285,-30618.02387237549,37817.959785461426
2023-08-18,25800.018310546875,-1259.908676147461,-27677.936553955078,-3137.826919555664
2023-08-21,-15899.96337890625,42504.04357910156,18269.977569580078,44874.05776977539
2023-08-22,-11100.082397460938,-13859.996795654297,-9491.972923278809,-34452.05211639404
2023-08-23,-43799.97253417969,17051.925659179688,4073.925018310547,-22674.121856689453
2023-08-24,4800.10986328125,-9407.958984375,-11465.950012207031,-16073.799133300781
2023-08-25,23399.96337890625,-80976.01890563965,-63461.9665145874,-121038.0220413208
2023-08-28,8099.8992919921875,67787.93334960938,43595.924377441406,119483.75701904297
2023-08-29,31800.155639648438,4368.124008178711,-2436.0036849975586,33732.27596282959
2023-08-30,14099.807739257812,-15708.10317993164,47586.03572845459,45977.74028778076
2023-08-31,60000.0,35951.95770263672,-19488.02947998047,76463.92822265625
2023-09-01,57600.17395019531,147167.98782348633,15792.016983032227,220560.17875671387
2023-09-05,34199.981689453125,8568.01986694336,-48131.97612762451,-5363.974571228027
2023-09-06,25499.954223632812,-17135.839462280273,11298.022270202637,19662.137031555176
2023-09-07,-20099.945068359375,-18144.006729125977,-8232.064247131348,-46476.0160446167
2023-09-08,19199.981689453125,-25788.17367553711,-36455.94120025635,-43044.13318634033
2023-09-11,-6600.03662109375,-54599.8477935791,-26502.041816711426,-87701.92623138428
2023-09-12,46499.86267089844,-7728.080749511719,14238.009452819824,53009.79137420654
2023-09-13,-9599.990844726562,-8819.961547851562,-44982.004165649414,-63401.95655822754
2023-09-14,49200.21057128906,-3612.0986938476562,-19361.958503723145,26226.15337371826
2023-09-15,18299.789428710938,29064.016342163086,41201.97772979736,88565.78350067139
2023-09-18,21300.201416015625,8568.01986694336,39941.96891784668,69810.19020080566
2023-09-19,-8400.192260742188,33432.1403503418,-35951.95770263672,-10920.00961303711
2023-09-20,-27599.945068359375,32675.914764404297,19781.928062438965,24857.897758483887
2023-09-21,-19500.045776367188,-587.9974365234375,-17303.967475891113,-37392.01068878174
2023-09-22,12000.045776367188,48803.98750305176,25956.00128173828,86760.03456115723
2023-09-25,-10499.954223632812,15035.991668701172,18479.96234893799,23015.999794006348
2023-09-26,21299.972534179688,-15372.047424316406,16128.072738647461,22055.997848510742
2023-09-27,98700.02746582031,-30575.86669921875,-38177.97660827637,29946.184158325195
2023-09-28,-59100.03662109375,78371.88720703125,-1386.0797882080078,17885.770797729492
2023-09-29,-27599.945068359375,54936.10382080078,-18563.976287841797,8772.18246459961
2023-10-02,-59100.03662109375,23267.955780029297,58673.973083496094,22841.89224243164
2023-10-03,12300.10986328125,43763.95225524902,11382.036209106445,67446.09832763672
2023-10-04,-150300.06408691406,136164.06440734863,74591.96090698242,60455.96122741699
2023-10-05,-57300.10986328125,7560.052871704102,62622.02739715576,12881.970405578613
2023-10-06,14400.100708007812,-2688.0455017089844,-13481.98413848877,-1769.9289321899414
2023-10-09,107699.89013671875,-38556.08940124512,-27635.979652404785,41507.82108306885
2023-10-10,-12299.880981445312,-17051.925659179688,-22470.073699951172,-51821.88034057617
2023-10-11,-74400.10070800781,40572.02339172363,9072.003364562988,-24756.07395172119
2023-10-12,-17399.826049804688,37883.97789001465,-19487.929344177246,996.2224960327148
2023-10-13,143399.96337890625,-84252.06184387207,-70056.00929260254,-10908.10775756836
2023-10-16,-30899.96337890625,-6467.9718017578125,26250.0,-11117.935180664062
2023-10-17,0.0,-9659.900665283203,-11550.064086914062,-21209.964752197266
2023-10-18,49799.88098144531,-57960.004806518555,15708.003044128418,7547.879219055176
2023-10-19,31500.091552734375,-6888.141632080078,-14153.995513916016,10457.954406738281
2023-10-20,-18600.082397460938,-9995.956420898438,6888.0414962768555,-21707.99732208252
2023-10-23,-97800.06408691406,37883.97789001465,25662.002563476562,-34254.08363342285
2023-10-24,-52500.0,51155.97724914551,21252.02178955078,19907.99903869629
2023-10-25,49500.04577636719,-13943.910598754883,6048.002243041992,41604.1374206543
2023-10-26,-65400.00915527344,23604.01153564453,-5628.032684326172,-47424.03030395508
2023-10-27,69900.05493164062,-47376.05094909668,-3359.956741333008,19164.047241210938
2023-10-30,-96900.10070800781,77699.97596740723,35951.95770263672,16751.832962036133
2023-10-31,-38700.02746582031,-2268.075942993164,-10373.969078063965,-51342.07248687744
2023-11-01,-17399.826049804688,31248.178482055664,12390.003204345703,26238.35563659668
2023-11-02,60599.89929199219,-50820.12176513672,-26880.054473876953,-17100.276947021484
2023-11-03,-58499.908447265625,37800.06408691406,42714.02835845947,22014.18399810791
2023-11-06,9299.9267578125,-29315.95802307129,-12011.990547180176,-32028.021812438965
2023-11-07,-103499.90844726562,57287.893295288086,47880.03444671631,1668.0192947387695
2023-11-08,-61200.02746582031,32928.056716918945,37463.908195495605,9191.937446594238
2023-11-09,12299.880981445312,-27131.996154785156,12642.045021057129,-2190.070152282715
2023-11-10,42900.00915527344,-24108.095169067383,-10079.970359802246,8711.943626403809
2023-11-13,32700.119018554688,-38975.85868835449,-40403.995513916016,-46679.73518371582
2023-11-14,0.0,11003.923416137695,923.9530563354492,11927.876472473145
2023-11-15,-47999.95422363281,17639.923095703125,-13271.99935913086,-43632.03048706055
2023-11-16,-112800.06408691406,84588.1175994873,49769.99759674072,21558.051109313965
2023-11-17,89699.93591308594,-70056.00929260254,-9366.002082824707,10277.924537658691
2023-11-20,51299.97253417969,-34860.076904296875,-32339.959144592285,-15900.063514709473
2023-11-21,5099.945068359375,-6551.885604858398,-31668.04790496826,-33119.988441467285
2023-11-22,-20099.945068359375,1175.994873046875,15035.991668701172,-3887.958526611328
2023-11-24,-46799.9267578125,56531.86798095703,22428.016662597656,32159.957885742188
2023-11-27,-20400.009155273438,-12431.859970092773,-923.9530563354492,-33755.82218170166
2023-11-28,46500.091552734375,-42084.07402038574,-29022.059440612793,-24606.04190826416
2023-11-29,43499.908447265625,-45024.06120300293,7770.037651062012,6245.884895324707
2023-11-30,-57000.04577636719,70392.06504821777,24360.036849975586,37752.05612182617
2023-12-01,-56699.981689453125,66108.0551147461,70979.96234893799,80388.03577423096
2023-12-04,-30899.96337890625,-11004.12368774414,756.0253143310547,-41148.061752319336
2023-12-05,-21600.03662109375,20076.026916503906,7811.994552612305,6287.984848022461
2023-12-06,-88200.0732421875,67284.04998779297,27257.966995239258,6341.943740844727
2023-12-07,-1200.0274658203125,24360.036849975586,11339.97917175293,34499.9885559082
2023-12-08,56700.21057128906,-40823.965072631836,-13356.013298034668,2520.2322006225586
2023-12-11,2699.89013671875,5627.832412719727,-11633.977890014648,-3306.255340576172
2023-12-12,-81299.97253417969,53256.12545013428,42546.000480651855,14502.153396606445
2023-12-13,25800.018310546875,-37967.99182891846,-17093.982696533203,-29261.956214904785
2023-12-14,63300.018310546875,-78875.9708404541,-18144.006729125977,-33719.9592590332
2023-12-15,-4500.0457763671875,-15288.13362121582,-12390.003204345703,-32178.18260192871
2023-12-18,31200.027465820312,-18479.862213134766,-21840.01922607422,-9119.853973388672
2023-12-19,29100.03662109375,-35112.01858520508,-18479.96234893799,-24491.944313049316
2023-12-20,23399.96337890625,83.91380310058594,3486.027717590332,26969.904899597168
2023-12-21,-9900.054931640625,35448.07434082031,4913.96427154541,30461.983680725098
2023-12-22,-9900.054931640625,23855.953216552734,14951.977729797363,28907.876014709473
2023-12-26,60300.06408691406,-23687.925338745117,-3192.0289993286133,33420.10974884033
2023-12-27,-43799.97253417969,2771.9593048095703,18858.07514190674,-22169.93808746338
2023-12-28,-70200.11901855469,58631.91604614258,28392.00496673584,16823.80199432373
2023-12-29,-3599.853515625,-14616.022109985352,1343.9226150512695,-16871.953010559082
2024-01-02,-38100.128173828125,6468.172073364258,11466.050148010254,-20165.905952453613
2024-01-03,69599.99084472656,-53087.99743652344,-33011.97052001953,-16499.977111816406
2024-01-04,-15299.835205078125,40319.881439208984,6720.013618469238,31740.059852600098
2024-01-05,48599.853515625,3864.0403747558594,-8442.049026489258,44021.8448638916
2024-01-08,-91200.02746582031,65267.91572570801,13271.99935913086,-12660.112380981445
2024-01-09,44100.03662109375,-41160.02082824707,-30869.96555328369,-27929.94976043701
2024-01-10,-26099.853515625,7980.022430419922,20915.966033935547,2796.1349487304688
2024-01-11,19499.81689453125,-39479.942321777344,-30743.99471282959,-50724.12014007568
2024-01-12,19800.10986328125,-5040.035247802734,1889.963150024414,16650.03776550293
2024-01-16,-8399.96337890625,-1344.0227508544922,3654.055595397949,-6089.930534362793
2024-01-17,4799.8809814453125,-11339.97917175293,2939.9871826171875,-3600.1110076904297
2024-01-18,45600.128173828125,-40403.995513916016,-16799.983978271484,-11603.851318359375
2024-01-19,-20099.945068359375,17387.981414794922,13229.942321777344,10517.97866821289
2024-01-22,53399.96337890625,-62999.839782714844,-13187.98542022705,-22787.861824035645
2024-01-23,-24599.990844726562,23267.955780029297,924.0531921386719,-407.98187255859375
2024-01-24,21599.807739257812,503.88336181640625,3990.011215209961,26093.70231628418
2024-01-25,68100.12817382812,-46115.94200134277,-47712.00656890869,-25727.82039642334
2024-01-26,19500.045776367188,-24948.034286499023,-20160.040855407715,-25608.02936553955
2024-01-29,-36900.10070800781,55104.1316986084,3990.011215209961,22194.042205810547
2024-01-30,31200.027465820312,-27048.08235168457,11382.036209106445,15533.981323242188
2024-01-31,-59100.03662109375,65015.974044799805,-587.9974365234375,5327.939987182617
2024-02-01,-60899.96337890625,-9659.900665283203,40025.98285675049,-30533.881187438965
2024-02-02,-46200.02746582031,39731.88400268555,22217.931747436523,15749.788284301758
2024-02-05,15000.0,-51827.88848876953,-27216.010093688965,-64043.898582458496
2024-02-06,15899.96337890625,-6804.027557373047,-7517.995834350586,1577.9399871826172
2024-02-07,16500.091552734375,-38388.0615234375,-30449.99599456787,-52337.965965270996
2024-02-08,70800.01831054688,-66359.9967956543,-31751.961708068848,-27311.94019317627
2024-02-09,18599.853515625,2100.048065185547,-30828.0086517334,-10128.107070922852
2024-02-12,2400.054931640625,-23352.069854736328,18732.004165649414,-2220.010757446289
2024-02-13,28500.137329101562,-22931.900024414062,9953.999519348145,15522.236824035645
2024-02-14,-36900.10070800781,65267.91572570801,36035.97164154053,64403.78665924072
2024-02-15,41699.981689453125,-1175.994873046875,-5711.946487426758,34812.04032897949
2024-02-16,34800.10986328125,-14867.963790893555,7181.940078735352,27114.086151123047
2024-02-20,-30300.064086914062,49223.95706176758,31542.07706451416,50465.970039367676
2024-02-21,-8099.8992919921875,-7223.997116088867,11045.980453491211,-4277.915954589844
2024-02-22,20999.908447265625,-40908.07914733887,-19656.057357788086,-39564.22805786133
2024-02-23,-63600.08239746094,48720.07369995117,26166.086196899414,11286.077499389648
2024-02-26,32700.119018554688,-24275.922775268555,-30660.080909729004,-22235.88466644287
2024-02-27,38700.02746582031,-32592.00096130371,7014.012336730957,13122.038841247559
2024-02-28,-9900.054931640625,61656.0173034668,36834.0539932251,88590.01636505127
2024-02-29,-8399.96337890625,-27972.135543823242,-10710.0248336792,-47082.12375640869
2024-03-01,51299.97253417969,-260483.86573791504,-8568.01986694336,-217751.9130706787
2024-03-04,-36900.10070800781,24107.894897460938,23939.967155456543,11147.761344909668
2024-03-05,-17699.89013671875,44436.06376647949,17094.082832336426,43830.25646209717
2024-03-06,29399.871826171875,-17724.037170410156,-23856.053352355957,-12180.218696594238
2024-03-07,-5999.908447265625,-756.0253143310547,-13187.98542022705,-19943.91918182373
2024-03-08,-27599.945068359375,23184.04197692871,22596.044540405273,18180.14144897461
2024-03-11,-2400.054931640625,-44771.91925048828,-4578.008651733398,-51749.982833862305
2024-03-12,-11100.082397460938,-4956.121444702148,14826.006889343262,-1230.1969528198242
2024-03-13,64800.10986328125,-63083.953857421875,-28812.074661254883,-27095.918655395508
2024-03-14,46200.02746582031,-35112.01858520508,-9953.999519348145,1134.0093612670898
2024-03-15,-6600.03662109375,-14699.935913085938,-7643.9666748046875,-28943.939208984375
2024-03-18,50400.00915527344,-30659.98077392578,-25703.959465026855,-5963.931083679199
2024-03-19,22500.0,-4116.182327270508,11549.96395111084,29933.781623840332
2024-03-20,-53700.02746582031,24360.036849975586,27300.024032592773,-2039.9665832519531
2024-03-21,-18300.018310546875,5124.149322509766,11297.922134399414,-1877.9468536376953
2024-03-22,-13200.0732421875,-10668.067932128906,6468.071937561035,-17400.06923675537
2024-03-25,39599.99084472656,-7223.997116088867,-10584.053993225098,21791.939735412598
2024-03-26,-9899.826049804688,40152.05383300781,23856.053352355957,54108.28113555908
2024-03-27,-8100.128173828125,13355.913162231445,9744.014739990234,14999.799728393555
2024-03-28,54599.99084472656,-64176.034927368164,-7140.083312988281,-16716.127395629883
2024-04-01,16200.027465820312,42924.01313781738,-4829.950332641602,54294.090270996094
2024-04-02,43200.0732421875,-41075.90675354004,-35616.00208282471,-33491.835594177246
2024-04-03,8399.96337890625,-1680.0785064697266,-8609.976768493652,-1890.091896057129
2024-04-04,34799.88098144531,-27971.935272216797,-3738.069534301758,3089.876174926758
2024-04-05,9600.2197265625,4703.9794921875,-13313.956260681152,990.2429580688477
2024-04-08,-14400.100708007812,33599.96795654297,18606.033325195312,37805.90057373047
2024-04-09,-35999.908447265625,-5879.974365234375,21713.948249816895,-20165.934562683105
2024-04-10,29399.871826171875,-21840.01922607422,-12852.029800415039,-5292.177200317383
2024-04-11,-35700.0732421875,6299.943923950195,20076.026916503906,-9324.102401733398
2024-04-12,19200.210571289062,-24192.00897216797,-10626.01089477539,-15617.809295654297
2024-04-15,-7500.0,15960.044860839844,12978.00064086914,21438.045501708984
2024-04-16,-1500.091552734375,-32255.945205688477,1218.0519104003906,-32537.98484802246
2024-04-17,-80099.94506835938,78624.0291595459,32171.931266784668,30696.01535797119
2024-04-18,1200.0274658203125,12599.88784790039,17136.03973388672,30935.955047607422
2024-04-19,12299.880981445312,2856.0733795166016,-3108.0150604248047,12047.93930053711
2024-04-22,-8700.027465820312,20915.966033935547,-8021.979331970215,4193.9592361450195
2024-04-23,15300.064086914062,-33516.05415344238,-7896.008491516113,-26111.998558044434
2024-04-24,-16500.091552734375,-7559.852600097656,12305.989265441895,-11753.954887390137
2024-04-25,22800.064086914062,-20076.026916503906,-209.98477935791016,2514.052391052246
2024-04-26,8399.96337890625,-5376.091003417969,924.0531921386719,3947.925567626953
2024-04-29,-36600.03662109375,13356.11343383789,7097.926139831543,-16145.997047424316
2024-04-30,-20999.908447265625,31835.975646972656,7517.995834350586,18354.063034057617
2024-05-01,-87900.00915527344,112055.96923828125,25830.03044128418,49985.99052429199
2024-05-02,-1500.091552734375,-16043.95866394043,3696.012496948242,-13848.037719726562
2024-05-03,-25199.89013671875,34775.962829589844,-125.97084045410156,9450.101852416992
2024-05-06,11100.082397460938,-27804.107666015625,-7560.052871704102,-24264.07814025879
2024-05-07,-3000.18310546875,37632.036209106445,-1763.9923095703125,32867.86079406738
2024-05-08,18300.018310546875,9744.014739990234,-4409.980773925781,23634.052276611328
2024-05-09,8100.128173828125,-8399.991989135742,-630.0544738769531,-929.9182891845703
2024-05-10,-30000.0,35363.96026611328,18144.006729125977,23507.966995239258
2024-05-13,25800.018310546875,-9071.903228759766,-1007.9669952392578,15720.148086547852
2024-05-14,-33000.18310546875,42755.985260009766,7055.96923828125,16811.771392822266
2024-05-15,18300.018310546875,-31247.97821044922,-1301.9657135009766,-14249.92561340332
2024-05-16,18000.18310546875,-34440.107345581055,-8652.033805847168,-25091.958045959473
2024-05-17,24899.826049804688,-30575.86669921875,-17891.96491241455,-23568.005561828613
2024-05-20,-7799.835205078125,28811.874389648438,-335.9556198120117,20676.0835647583
2024-05-21,-16200.027465820312,25116.06216430664,10415.925979614258,19331.960678100586
2024-05-22,-50700.0732421875,35448.07434082031,12810.072898864746,-2441.9260025024414
2024-05-23,-20999.908447265625,-1344.0227508544922,8399.991989135742,-13943.939208984375
2024-05-24,25499.954223632812,-12432.060241699219,-756.0253143310547,12311.868667602539
2024-05-28,63300.018310546875,-20832.05223083496,-21587.977409362793,20879.98867034912
2024-05-29,-17999.954223632812,37464.00833129883,11759.94873046875,31224.002838134766
2024-05-30,-39599.99084472656,50232.12432861328,28392.00496673584,39024.13845062256
2024-05-31,-27600.173950195312,-17976.179122924805,2436.0036849975586,-43140.34938812256
2024-06-03,-83099.89929199219,75936.18392944336,28307.99102783203,21144.275665283203
2024-06-04,-29100.03662109375,-11676.034927368164,4325.966835021973,-36450.10471343994
2024-06-05,24599.990844726562,-3444.070816040039,-6383.957862854004,14771.96216583252
2024-06-06,44400.10070800781,-36876.01089477539,-23729.982376098633,-16205.892562866211
2024-06-07,-600.128173828125,12515.974044799805,2477.9605865478516,14393.806457519531
2024-06-10,66299.97253417969,-23772.03941345215,-26459.98477935791,16067.948341369629
2024-06-11,4800.10986328125,1680.0785064697266,-2771.9593048095703,3708.2290649414062
2024-06-12,17999.954223632812,12180.118560791016,-8190.007209777832,21990.065574645996
2024-06-13,3600.0823974609375,-17808.151245117188,-19320.00160217285,-33528.0704498291
2024-06-14,-5100.1739501953125,13440.027236938477,6804.027557373047,15143.880844116211
2024-06-17,56400.146484375,-39731.88400268555,-4998.078346252441,11670.184135437012
2024-06-18,37199.93591308594,-30492.15316772461,-16086.015701293945,-9378.232955932617
2024-06-20,17999.954223632812,-14783.849716186523,-1553.9073944091797,1662.1971130371094
2024-06-21,-43199.84436035156,-10836.095809936523,13859.996795654297,-40175.94337463379
2024-06-24,26999.81689453125,1848.1063842773438,-12558.03108215332,16289.892196655273
2024-06-25,-23999.862670898438,-2688.0455017089844,5040.035247802734,-21647.872924804688
2024-06-26,2099.9908447265625,-25116.06216430664,-11802.005767822266,-34818.077087402344
2024-06-27,25199.89013671875,-839.9391174316406,-4242.053031921387,20117.897987365723
2024-06-28,-5999.908447265625,13859.996795654297,12893.986701965332,20754.075050354004
2024-07-01,55199.89013671875,-41328.04870605469,-41076.00688934326,-27204.1654586792
2024-07-02,-17099.990844726562,4115.9820556640625,-6299.943923950195,-19283.952713012695
2024-07-03,32099.990844726562,-23435.983657836914,-1932.0201873779297,6731.986999511719
2024-07-05,-21599.807739257812,35448.07434082031,13397.970199584961,27246.23680114746
2024-07-08,-24900.054931640625,17807.950973510742,9786.07177734375,2693.967819213867
2024-07-09,-27599.945068359375,8819.961547851562,23309.91268157959,4529.929161071777
2024-07-10,20699.844360351562,20159.940719604492,2184.0620040893555,43043.84708404541
2024-07-11,15600.128173828125,-12096.004486083984,84.0139389038086,3588.137626647949
2024-07-12,-12300.10986328125,2100.048065185547,3611.9985580444336,-6588.0632400512695
2024-07-15,-8999.862670898438,19907.99903869629,-1680.0785064697266,9228.057861328125
2024-07-16,-34500.04577636719,11844.062805175781,18816.018104553223,-3839.9648666381836
2024-07-17,62699.89013671875,-19992.11311340332,-10583.953857421875,32123.823165893555
2024-07-18,-899.96337890625,-12684.001922607422,3024.001121520996,-10559.964179992676
2024-07-19,-80700.0732421875,55439.98718261719,28433.961868286133,3173.8758087158203
2024-07-22,-10499.954223632812,-16967.811584472656,-6593.942642211914,-34061.70845031738
2024-07-23,-84599.99084472656,47459.964752197266,10457.983016967773,-26682.043075561523
2024-07-24,18899.917602539062,-31416.006088256836,-17850.008010864258,-30366.09649658203
2024-07-25,20700.0732421875,-13524.141311645508,-7896.008491516113,-720.0765609741211
2024-07-26,-33599.853515625,5964.088439941406,21630.03444671631,-6005.730628967285
2024-07-29,-40500.18310546875,37968.09196472168,18773.961067199707,16241.869926452637
2024-07-30,-32399.826049804688,23687.925338745117,16043.95866394043,7332.057952880859
2024-07-31,95400.00915527344,-79716.11022949219,-33053.927421569824,-17370.028495788574
2024-08-01,-48000.18310546875,70560.09292602539,3821.9833374023438,26381.893157958984
2024-08-02,-83700.02746582031,67535.99166870117,36917.96779632568,20753.931999206543
2024-08-05,-17399.826049804688,-13440.027236938477,8358.03508758545,-22481.818199157715
2024-08-06,7799.835205078125,6216.030120849609,1175.994873046875,15191.86019897461
2024-08-07,60900.19226074219,-26124.0291595459,-25116.06216430664,9660.100936889648
2024-08-08,28799.972534179688,-35195.932388305664,-923.9530563354492,-7319.912910461426
2024-08-09,19499.81689453125,7475.93879699707,7602.0097732543945,34577.765464782715
2024-08-12,96600.03662109375,-44183.921813964844,-28056.049346923828,24360.065460205078
2024-08-13,-51299.97253417969,57287.893295288086,7266.054153442383,13253.974914550781
2024-08-14,-41099.853515625,45024.06120300293,8819.961547851562,12744.169235229492
2024-08-15,35400.00915527344,-30996.036529541016,-4073.925018310547,330.047607421875
2024-08-16,-45300.06408691406,40152.05383300781,20663.92421722412,15515.913963317871
2024-08-19,-68399.96337890625,38976.05895996094,27384.037971496582,-2039.8664474487305
2024-08-20,-9900.054931640625,6299.943923950195,125.97084045410156,-3474.140167236328
2024-08-21,-63300.018310546875,43092.041015625,5669.989585876465,-14537.98770904541
2024-08-22,32400.054931640625,-32508.087158203125,-5795.960426330566,-5903.992652893066
2024-08-23,54599.99084472656,-34775.962829589844,-15204.019546508789,4620.00846862793
2024-08-26,77699.89013671875,4367.923736572266,-20286.011695861816,61781.8021774292
2024-08-27,-56699.981689453125,27719.993591308594,25956.00128173828,-3023.98681640625
2024-08-28,-30300.064086914062,26964.168548583984,23982.02419281006,20646.12865447998
2024-08-29,41700.21057128906,-27636.079788208008,-23057.971000671387,-8993.840217590332
2024-08-30,-70800.01831054688,30240.01121520996,13650.012016296387,-26909.995079040527
2024-09-03,-96300.20141601562,196559.97276306152,19109.91668701172,119369.68803405762
2024-09-04,-34199.981689453125,13356.013298034668,20370.025634765625,-473.94275665283203
2024-09-05,-1499.8626708984375,30240.01121520996,-4787.993431091309,23952.155113220215
2024-09-06,-44400.10070800781,25031.94808959961,22638.001441955566,3269.8488235473633
2024-09-09,31200.027465820312,-20495.996475219727,-10247.998237609863,456.03275299072266
2024-09-10,-88799.97253417969,42336.015701293945,34187.965393066406,-12275.991439819336
2024-09-11,46799.9267578125,-22847.986221313477,-14153.995513916016,9797.945022583008
2024-09-12,49800.10986328125,-25032.048225402832,-11381.936073303223,13386.125564575195
2024-09-13,-9599.990844726562,-2687.9453659057617,14489.951133728027,2202.014923095703
2024-09-16,43199.84436035156,-31919.989585876465,-5250.0200271606445,6029.834747314453
2024-09-17,33000.18310546875,-28307.99102783203,-16757.92694091797,-12065.73486328125
2024-09-18,-8399.96337890625,-7392.024993896484,-4536.0517501831055,-20328.04012298584
2024-09-19,31199.798583984375,-41411.96250915527,-10289.955139160156,-20502.119064331055
2024-09-20,-899.96337890625,19823.884963989258,4409.980773925781,23333.90235900879
2024-09-23,-46499.86267089844,38808.03108215332,6887.941360473633,-803.8902282714844
2024-09-24,35699.84436035156,-33179.99839782715,-14867.963790893555,-12348.11782836914
2024-09-25,-56099.853515625,25032.048225402832,8525.962829589844,-22541.842460632324
2024-09-26,-60600.128173828125,32423.973083496094,10122.027397155762,-18054.12769317627
2024-09-27,15300.064086914062,6972.055435180664,1428.0366897583008,23700.156211853027
2024-09-30,-300.0640869140625,-7644.06681060791,378.01265716552734,-7566.118240356445
2024-10-01,49800.10986328125,-3779.926300048828,-17808.051109313965,28212.132453918457
2024-10-02,8099.8992919921875,-16212.08667755127,-3317.999839782715,-11430.187225341797
2024-10-03,108300.01831054688,-89628.05271148682,-47291.93687438965,-28619.97127532959
2024-10-04,20099.945068359375,-2687.845230102539,-7560.052871704102,9852.046966552734
2024-10-07,82800.06408691406,-48720.07369995117,-35069.96154785156,-989.9711608886719
2024-10-08,-107099.99084472656,71988.02947998047,41579.99038696289,6468.029022216797
2024-10-09,-9900.054931640625,1427.9365539550781,8525.962829589844,53.844451904296875
2024-10-10,78300.01831054688,-70979.86221313477,-31079.9503326416,-23759.794235229492
2024-10-11,-8700.027465820312,-587.9974365234375,2939.9871826171875,-6348.0377197265625
2024-10-14,-51899.871826171875,36119.985580444336,29274.001121520996,13494.114875793457
2024-10-15,-97500.0,59555.96923828125,36329.970359802246,-1614.060401916504
2024-10-16,-5700.0732421875,-2183.961868286133,5460.004806518555,-2424.030303955078
2024-10-17,8399.96337890625,-5460.004806518555,-8315.978050231934,-5376.019477844238
2024-10-18,-43499.908447265625,37631.8359375,17765.99407196045,11897.921562194824
2024-10-21,40199.89013671875,-10667.867660522461,-13062.01457977295,16470.00789642334
2024-10-22,45899.96337890625,-47712.106704711914,-22553.987503051758,-24366.130828857422
2024-10-23,-39599.99084472656,25284.090042114258,6467.9718017578125,-7847.929000854492
2024-10-24,-17399.826049804688,11508.007049560547,8105.993270874023,2214.174270629883
2024-10-25,47699.89013671875,-42672.07145690918,-15035.991668701172,-10008.172988891602
2024-10-28,-132000.0457763672,94164.0043258667,45990.071296691895,8154.029846191406
2024-10-29,-5099.945068359375,12264.032363891602,-2142.00496673584,5022.082328796387
2024-10-30,42000.04577636719,-36876.01089477539,-22638.001441955566,-17513.96656036377
2024-10-31,19500.045776367188,-6551.985740661621,-13398.070335388184,-450.0102996826172
2024-11-01,6899.871826171875,31079.9503326416,-6173.973083496094,31805.849075317383
2024-11-04,59400.10070800781,-44268.035888671875,-20958.023071289062,-5825.958251953125
2024-11-05,15599.899291992188,-21335.935592651367,-8441.948890686035,-14177.985191345215
2024-11-06,-8999.862670898438,7728.080749511719,14363.980293273926,13092.198371887207
2024-11-07,20099.945068359375,-15288.13362121582,-6888.0414962768555,-2076.230049133301
2024-11-08,-59400.10070800781,34524.02114868164,19950.056076049805,-4926.023483276367
2024-11-11,-70199.89013671875,46620.025634765625,17346.02451324463,-6233.839988708496
2024-11-12,2400.054931640625,-6132.016181945801,-5544.018745422363,-9275.979995727539
2024-11-13,9299.9267578125,-672.0113754272461,-3570.0416564941406,5057.873725891113
2024-11-14,8099.8992919921875,-13943.910598754883,2939.9871826171875,-2904.024124145508
2024-11-15,-50400.00915527344,27215.909957885742,17387.981414794922,-5796.117782592773
2024-11-18,64200.21057128906,-57960.004806518555,-33809.95273590088,-27569.74697113037
2024-11-19,6899.871826171875,-16295.900344848633,4703.9794921875,-4692.049026489258
2024-11-20,-15599.899291992188,-6804.027557373047,5838.017463684082,-16565.909385681152
2024-11-21,36899.871826171875,-11424.093246459961,-20201.997756958008,5273.780822753906
2024-11-22,34199.981689453125,-1679.8782348632812,-209.98477935791016,32310.118675231934
2024-11-25,-68999.86267089844,51155.97724914551,16631.956100463867,-1211.9293212890625
2024-11-26,-5100.1739501953125,7308.011054992676,-2142.00496673584,65.83213806152344
2024-11-27,-1499.8626708984375,15455.961227416992,15456.061363220215,29412.15991973877
2024-11-29,-21600.03662109375,24948.034286499023,4451.937675476074,7799.935340881348
2024-12-02,2999.9542236328125,22259.98878479004,6426.0149002075195,31685.95790863037
2024-12-03,55200.11901855469,-37967.99182891846,-16799.983978271484,432.1432113647461
2024-12-04,-42000.04577636719,19571.943283081055,21126.05094909668,-1302.0515441894531
2024-12-05,-7199.9359130859375,5544.018745422363,4913.96427154541,3258.047103881836
2024-12-06,-33000.18310546875,22091.960906982422,9701.957702636719,-1206.2644958496094
2024-12-09,35100.17395019531,-38891.944885253906,-21377.992630004883,-25169.763565063477
2024-12-10,6599.8077392578125,-3611.9985580444336,-1091.9809341430664,1895.8282470703125
2024-12-11,51000.13732910156,-24360.036849975586,-15623.98910522461,11016.111373901367
2024-12-12,-8100.128173828125,-2267.9758071899414,-5585.975646972656,-15954.079627990723
2024-12-13,38100.128173828125,-11172.051429748535,-14028.024673461914,12900.052070617676
2024-12-16,-17400.054931640625,21924.033164978027,2520.017623901367,7043.9958572387695
2024-12-17,-18899.917602539062,26712.026596069336,15161.962509155273,22974.071502685547
2024-12-18,15000.0,923.9530563354492,-11382.036209106445,4541.916847229004
2024-12-19,-20099.945068359375,16800.084114074707,7266.054153442383,3966.193199157715
2024-12-20,-13500.137329101562,-15792.016983032227,2520.017623901367,-26772.136688232422
2024-12-23,-6600.03662109375,2771.9593048095703,2267.9758071899414,-1560.1015090942383
2024-12-24,25800.018310546875,-17303.967475891113,2016.0341262817383,10512.0849609375
2024-12-26,-14399.871826171875,11004.023551940918,6803.927421569824,3408.079147338867
2024-12-27,29399.871826171875,-10416.02611541748,-16589.999198913574,2393.8465118408203
2024-12-30,11699.981689453125,-15204.019546508789,-22973.957061767578,-26477.994918823242
2024-12-31,21900.100708007812,-21167.90771484375,-8862.018585205078,-8129.825592041016
2025-01-02,42299.88098144531,-42336.015701293945,-14028.024673461914,-14064.159393310547
2025-01-03,24900.054931640625,-1512.0506286621094,2604.031562805176,25992.03586578369
2025-01-06,-12000.045776367188,15287.933349609375,-3108.0150604248047,179.8725128173828
2025-01-07,20700.0732421875,7476.139068603516,-4662.022590637207,23514.18972015381
2025-01-08,-27900.009155273438,13775.882720947266,6552.085876464844,-7572.040557861328
2025-01-09,17999.954223632812,-15204.019546508789,-11550.064086914062,-8754.129409790039
2025-01-10,79500.04577636719,-39143.88656616211,-51869.94552612305,-11513.786315917969
2025-01-13,67500.0,-21336.135864257812,-13271.99935913086,32891.86477661133
2025-01-14,-39599.99084472656,-3611.898422241211,3359.956741333008,-39851.932525634766
2025-01-15,76200.02746582031,-45612.05863952637,-37044.03877258301,-6456.0699462890625
2025-01-16,-40800.018310546875,29988.069534301758,-1553.9073944091797,-12365.856170654297
2025-01-17,-24000.091552734375,9239.931106567383,-1596.064567565918,-16356.22501373291
2025-01-21,-59699.93591308594,23435.983657836914,26418.027877807617,-9845.924377441406
2025-01-22,-13499.908447265625,22259.98878479004,31037.99343109131,39798.07376861572
2025-01-23,-24599.990844726562,-6551.885604858398,5334.033966064453,-25817.842483520508
2025-01-24,1200.0274658203125,13943.910598754883,-18774.06120300293,-3630.1231384277344
2025-01-27,-44700.164794921875,17472.095489501953,23604.01153564453,-3624.0577697753906
2025-01-28,17999.954223632812,-20495.996475219727,4158.039093017578,1661.996841430664
2025-01-29,-34499.81689453125,14195.852279663086,-1638.021469116211,-21941.986083984375
2025-01-30,3300.018310546875,-1427.9365539550781,-8987.98942565918,-7115.907669067383
2025-01-31,-6000.1373291015625,756.0253143310547,-3821.9833374023438,-9066.095352172852
2025-02-03,18900.146484375,-68208.10317993164,8987.98942565918,-40319.96726989746
2025-02-04,-13800.201416015625,15708.10317993164,13985.967636108398,15893.869400024414
2025-02-05,-50099.945068359375,40572.02339172363,19151.973724365234,9624.052047729492
2025-02-06,-12599.945068359375,-20160.140991210938,-5795.960426330566,-38556.04648590088
2025-02-07,11699.981689453125,-25451.91764831543,-13775.982856750488,-27527.918815612793
2025-02-10,39599.99084472656,672.1115112304688,-8442.049026489258,31830.053329467773
2025-02-11,30000.0,-36204.09965515137,-26753.98349761963,-32958.083152770996
2025-02-12,-58499.908447265625,48467.93174743652,26292.057037353516,16260.080337524414
2025-02-13,-2400.054931640625,-17723.83689880371,1385.9796524047852,-18737.91217803955
2025-02-14,-16500.091552734375,17471.895217895508,-5502.06184387207,-4530.2581787109375
2025-02-18,33300.018310546875,2688.0455017089844,8904.075622558594,44892.13943481445
2025-02-19,12000.045776367188,168.0278778076172,-6678.056716918945,5490.016937255859
2025-02-20,9599.990844726562,-0.0,-19698.01425933838,-10098.023414611816
2025-02-21,-65099.945068359375,50231.924057006836,29861.998558044434,14993.977546691895
2025-02-24,8999.862670898438,13188.085556030273,-1469.9935913085938,20717.954635620117
2025-02-25,-53099.89929199219,36707.88288116455,19110.01682281494,2718.0004119873047
2025-02-26,-9299.9267578125,15456.061363220215,19320.00160217285,25476.136207580566
2025-02-27,51899.871826171875,-40068.039894104004,-21671.9913482666,-9840.15941619873
2025-02-28,-17699.89013671875,22092.061042785645,17220.053672790527,21612.224578857422
2025-03-03,-41699.981689453125,-182699.97596740723,39689.927101135254,-184710.0305557251
2025-03-04,-3300.018310546875,-5376.091003417969,-11255.965232849121,-19932.074546813965
2025-03-05,-58500.13732910156,48047.9621887207,19488.02947998047,9035.85433959961
2025-03-06,1500.091552734375,30071.983337402344,7139.983177185059,38712.05806732178
2025-03-07,20400.009155273438,-6299.943923950195,3275.942802429199,17376.00803375244
2025-03-10,-30300.064086914062,13608.055114746094,15162.062644958496,-1529.9463272094727
2025-03-11,6600.03662109375,-10500.040054321289,-7098.026275634766,-10998.029708862305
2025-03-12,42900.00915527344,-37883.97789001465,-3990.011215209961,1026.0200500488281
2025-03-13,-33899.91760253906,14279.966354370117,18522.019386291504,-1097.9318618774414
2025-03-14,18899.917602539062,-13103.971481323242,-1848.006248474121,3947.939872741699
2025-03-17,12000.045776367188,-27300.024032592773,-15623.98910522461,-30923.967361450195
2025-03-18,-20400.009155273438,10751.981735229492,3905.9972763061523,-5742.030143737793
2025-03-19,7800.0640869140625,-1007.9669952392578,-15708.003044128418,-8915.905952453613
2025-03-20,32999.95422363281,-18059.892654418945,-9408.059120178223,5532.0024490356445
2025-03-21,599.8992919921875,-3612.0986938476562,1974.0772247314453,-1038.1221771240234
2025-03-24,24900.054931640625,-9407.958984375,-3150.0720977783203,12342.023849487305
2025-03-25,-3300.018310546875,-1763.9923095703125,-12096.004486083984,-17160.015106201172
2025-03-26,19500.045776367188,-20244.054794311523,-1175.994873046875,-1920.003890991211
2025-03-27,8099.8992919921875,-11424.093246459961,1680.0785064697266,-1644.1154479980469
2025-03-28,-16799.9267578125,9828.128814697266,9995.956420898438,3024.158477783203
2025-03-31,63600.08239746094,-40655.93719482422,-22301.945686340332,642.1995162963867
2025-04-01,-8400.192260742188,-16296.100616455078,10541.996955871582,-14154.295921325684
2025-04-02,15300.064086914062,-23940.067291259766,-13902.053833007812,-22542.057037353516
2025-04-03,-142800.06408691406,140028.1047821045,55902.01377868652,53130.05447387695
2025-04-04,-148799.85809326172,92231.88400268555,44940.04726409912,-11627.92682647705
2025-04-07,-38700.02746582031,28895.98846435547,5039.935111999512,-4764.103889465332
2025-04-08,-33599.96795654297,24108.095169067383,5418.047904968262,-4073.824882507324
2025-04-09,83099.89929199219,-39479.942321777344,-23772.03941345215,19847.917556762695
2025-04-10,-68399.96337890625,64763.93222808838,28223.977088928223,24587.94593811035
2025-04-11,42900.00915527344,-31751.961708068848,-7937.965393066406,3210.0820541381836
2025-04-14,899.96337890625,-19404.115676879883,-11088.037490844727,-29592.18978881836
2025-04-15,-5999.908447265625,-1847.9061126708984,5586.075782775879,-2261.7387771606445
2025-04-16,34199.981689453125,-15960.044860839844,-15540.075302124023,2699.861526489258
2025-04-17,66299.97253417969,-46535.911560058594,-15497.918128967285,4266.142845153809
2025-04-21,-47999.95422363281,28139.963150024414,18227.920532226562,-1632.070541381836
2025-04-22,36899.871826171875,-28812.074661254883,-16674.013137817383,-8586.21597290039
2025-04-23,-61199.913024902344,13188.085556030273,9114.060401916504,-38897.76706695557
2025-04-24,15600.013732910156,-18312.034606933594,-7055.96923828125,-9767.990112304688
2025-04-25,6899.986267089844,-11088.037490844727,-9912.042617797852,-14100.093841552734
2025-04-28,-29100.03662109375,11004.12368774414,-3443.9706802368164,-21539.883613586426
2025-04-29,-48900.03204345703,29064.016342163086,23141.984939575195,3305.96923828125
2025-04-30,-66299.97253417969,28727.96058654785,35153.97548675537,-2418.036460876465
2025-05-01,30900.07781982422,-10248.098373413086,10373.969078063965,31025.948524475098
2025-05-02,-28500.022888183594,24611.97853088379,7896.058559417725,4008.01420211792
2025-05-05,-34799.99542236328,-2435.903549194336,7854.001522064209,-29381.89744949341
2025-05-06,58799.97253417969,-35028.10478210449,-14406.037330627441,9365.830421447754
2025-05-07,-30600.013732910156,30828.0086517334,13523.991107940674,13751.986026763916
2025-05-08,55200.00457763672,-48384.01794433594,-26627.962589263916,-19811.975955963135
2025-05-09,33300.018310546875,-19320.00160217285,-11088.037490844727,2891.979217529297
2025-05-12,27900.009155273438,-20747.93815612793,-18773.961067199707,-11621.8900680542
2025-05-13,51599.92218017578,-27635.879516601562,-25283.989906311035,-1319.9472427368164
2025-05-14,-15599.899291992188,-3360.157012939453,-14616.022109985352,-33576.07841491699
2025-05-15,-45900.07781982422,29904.155731201172,16842.041015625,846.1189270019531
2025-05-16,26100.082397460938,-6216.030120849609,10667.967796325684,30552.02007293701
2025-05-19,5999.908447265625,2520.017623901367,5417.947769165039,13937.873840332031
2025-05-20,-3899.9176025390625,-11172.151565551758,-503.9834976196289,-15576.05266571045
2025-05-21,-29700.050354003906,1932.0201873779297,-4284.00993347168,-32052.040100097656
2025-05-22,-11099.967956542969,15623.98910522461,9072.003364562988,13596.024513244629
2025-05-23,9899.940490722656,18480.06248474121,5334.033966064453,33714.03694152832
2025-05-27,-19199.981689453125,31667.94776916504,10667.967796325684,23135.933876037598
2025-05-28,28500.022888183594,-14867.963790893555,-3653.9554595947266,9978.103637695312
2025-05-29,-27000.045776367188,25031.94808959961,16758.02707672119,14789.929389953613
2025-05-30,-4499.931335449219,17640.12336730957,13019.957542419434,26160.149574279785
2025-06-02,51899.986267089844,-11844.062805175781,-11466.050148010254,28589.87331390381
2025-06-03,26699.981689453125,-22091.960906982422,-23267.955780029297,-18659.934997558594
2025-06-04,-16800.04119873047,37632.036209106445,12515.974044799805,33347.96905517578
2025-06-05,15600.013732910156,-24276.123046875,-10247.998237609863,-18924.107551574707
2025-06-06,36300.086975097656,-11676.034927368164,-12935.943603515625,11688.108444213867
2025-06-09,21299.972534179688,-15455.961227416992,-8862.018585205078,-3018.007278442383
2025-06-10,-9299.9267578125,6048.002243041992,2016.0341262817383,-1235.8903884887695
2025-06-11,95099.94506835938,-66191.96891784668,-26754.08363342285,2153.8925170898438
2025-06-12,-3300.018310546875,20076.026916503906,6972.055435180664,23748.064041137695
2025-06-13,148200.0732421875,-71148.09036254883,-71400.03204345703,5651.950836181641
2025-06-16,-36300.201416015625,6468.172073364258,-14532.008171081543,-44364.03751373291
2025-06-17,92099.99084472656,-43680.03845214844,-46955.98125457764,1463.9711380004883
2025-06-18,9000.091552734375,-30828.0086517334,-11886.019706726074,-33713.9368057251
2025-06-20,-6299.9725341796875,-17556.00929260254,-3527.984619140625,-27383.96644592285
2025-06-23,-192599.94506835938,93491.99295043945,75053.98750305176,-24053.964614868164
2025-06-24,-124199.98168945312,111299.9439239502,32760.028839111328,19859.9910736084
2025-06-25,16499.862670898438,2771.9593048095703,-4746.036529541016,14525.785446166992
2025-06-26,9599.990844726562,-13943.910598754883,-26753.98349761963,-31097.90325164795
2025-06-27,8399.96337890625,7728.080749511719,22218.031883239746,38346.076011657715
2025-06-30,-12299.880981445312,8399.991989135742,-16211.986541748047,-20111.875534057617
2025-07-01,10199.89013671875,-17220.15380859375,7937.965393066406,917.7017211914062
2025-07-02,60000.0,-18983.945846557617,-35616.00208282471,5400.052070617676
2025-07-03,-13499.908447265625,3612.0986938476562,17597.966194152832,7710.156440734863
2025-07-04,-15000.0,1259.908676147461,-16463.92822265625,-30204.01954650879
2025-07-07,42900.00915527344,-29483.985900878906,-5081.992149353027,8334.031105041504
2025-07-08,12000.045776367188,-27551.965713500977,-8484.00592803955,-24035.92586517334
2025-07-09,1499.8626708984375,-2436.1038208007812,13481.98413848877,12545.742988586426
2025-07-10,-54299.9267578125,29820.04165649414,10793.938636779785,-13685.946464538574
2025-07-11,56399.91760253906,-29064.016342163086,-26837.997436523438,497.90382385253906
2025-07-14,-44099.80773925781,18144.006729125977,24192.00897216797,-1763.7920379638672
2025-07-15,-13800.201416015625,-3527.984619140625,-6467.9718017578125,-23796.157836914062
2025-07-16,-4199.981689453125,21503.963470458984,5754.003524780273,23057.985305786133
2025-07-17,34800.10986328125,-22175.874710083008,-30702.037811279297,-18077.802658081055
2025-07-18,-6000.1373291015625,14279.966354370117,4872.007369995117,13151.836395263672
2025-07-21,-4199.981689453125,18059.892654418945,-23604.01153564453,-9744.100570678711
2025-07-22,-29699.935913085938,25199.975967407227,24107.99503326416,19608.03508758545
2025-07-23,-28799.972534179688,-16295.900344848633,1176.0950088500977,-43919.77787017822
2025-07-24,23399.96337890625,14364.080429077148,15161.962509155273,52926.00631713867
2025-07-25,-26099.853515625,6048.002243041992,2814.016342163086,-17237.834930419922
2025-07-28,46499.86267089844,-32088.117599487305,-8568.01986694336,5843.725204467773
2025-07-29,75000.0,-69887.98141479492,-15623.98910522461,-10511.970520019531
2025-07-30,23700.027465820312,-42587.95738220215,19026.002883911133,138.07296752929688
2025-07-31,-22199.935913085938,44939.9471282959,7980.022430419922,30720.033645629883
2025-08-01,-57900.00915527344,81480.1025390625,41831.932067871094,65412.025451660156
2025-08-04,-31200.027465820312,13775.882720947266,-7433.981895446777,-24858.126640319824
2025-08-05,-33899.91760253906,8987.98942565918,28307.99102783203,3396.0628509521484
2025-08-06,-24300.155639648438,924.0531921386719,-5291.9769287109375,-28668.079376220703
2025-08-07,-14099.922180175781,10835.895538330078,-1679.978370666504,-4944.005012512207
2025-08-08,0.0,-7223.997116088867,-5250.0200271606445,-12474.017143249512
2025-08-11,2399.9404907226562,7980.022430419922,-4913.96427154541,5465.998649597168
2025-08-12,-23700.027465820312,1848.1063842773438,19697.914123535156,-2154.0069580078125
2025-08-13,-15599.899291992188,3359.956741333008,546.0405349731445,-11693.902015686035
2025-08-14,39299.9267578125,-32592.00096130371,3486.027717590332,10193.953514099121
2025-08-15,-34799.99542236328,30828.0086517334,3990.011215209961,18.024444580078125
2025-08-18,18599.96795654297,-22008.047103881836,-6426.0149002075195,-9834.094047546387
2025-08-19,-32099.990844726562,8148.050308227539,-4536.0517501831055,-28487.99228668213
2025-08-20,25800.018310546875,-33011.97052001953,-11969.93350982666,-19181.885719299316
2025-08-21,9300.041198730469,-26375.9708404541,-19110.01682281494,-36185.946464538574
2025-08-22,4199.981689453125,1007.9669952392578,7139.983177185059,12347.931861877441
2025-08-25,34200.096130371094,8568.01986694336,-16548.04229736328,26220.073699951172
2025-08-26,-46500.091552734375,21840.01922607422,28140.063285827637,3479.9909591674805
2025-08-27,27000.045776367188,-22344.10285949707,-6216.030120849609,-1560.0872039794922
2025-08-28,13499.908447265625,-42167.98782348633,-6089.959144592285,-34758.03852081299
2025-08-29,-17699.89013671875,9660.100936889648,18101.94969177246,10062.16049194336
2025-09-02,47399.82604980469,121631.95610046387,-45233.94584655762,123797.83630371094
2025-09-03,-48599.853515625,25871.88720703125,5669.989585876465,-17057.976722717285
2025-09-04,-14700.050354003906,2100.048065185547,12684.001922607422,83.9996337890625
2025-09-05,-48300.018310546875,38052.005767822266,18353.991508483887,8105.978965759277
2025-09-08,11699.981689453125,4703.9794921875,-10457.983016967773,5945.978164672852
2025-09-09,11100.082397460938,-28475.918769836426,-3360.0568771362305,-20735.89324951172
2025-09-10,31199.913024902344,-13019.957542419434,-5795.960426330566,12383.995056152344
2025-09-11,-38999.977111816406,24107.894897460938,21756.00528717041,6863.923072814941
2025-09-12,9599.990844726562,-5123.94905090332,-3402.0137786865234,1074.0280151367188
2025-09-15,18300.018310546875,-23520.097732543945,-17262.01057434082,-22482.08999633789
2025-09-16,36599.92218017578,-23687.925338745117,-26208.043098449707,-13296.046257019043
2025-09-17,-14099.807739257812,10835.895538330078,16254.043579101562,12990.131378173828
2025-09-18,-14400.100708007812,14532.108306884766,6216.030120849609,6348.0377197265625
2025-09-19,-26699.981689453125,34187.965393066406,17262.01057434082,24749.9942779541
2025-09-22,-1200.0274658203125,-6299.943923950195,2771.9593048095703,-4728.0120849609375
2025-09-23,23100.013732910156,-17556.00929260254,-14994.034767150879,-9450.030326843262
2025-09-24,47399.940490722656,-16548.04229736328,-20663.92421722412,10187.973976135254
2025-09-25,-299.835205078125,13944.110870361328,-20706.08139038086,-7061.805725097656
2025-09-26,22199.935913085938,-29736.127853393555,-1007.9669952392578,-8544.158935546875
2025-09-29,-68100.01373291016,35700.016021728516,30365.982055664062,-2034.0156555175781
2025-09-30,-32400.054931640625,18647.990226745605,10122.027397155762,-3630.037307739258
2025-10-01,-17700.00457763672,73080.01041412354,12852.029800415039,68232.03563690186
2025-10-02,-38999.977111816406,29316.05815887451,24527.96459197998,14844.045639038086
2025-10-03,12000.045776367188,-7980.022430419922,3024.001121520996,7044.024467468262
2025-10-06,24299.9267578125,-34524.02114868164,-3359.956741333008,-13584.051132202148
2025-10-07,1200.0274658203125,6467.9718017578125,-8820.061683654785,-1152.0624160766602
2025-10-08,24599.990844726562,-13103.971481323242,-10920.00961303711,576.0097503662109
2025-10-09,-31200.027465820312,22596.044540405273,4620.065689086914,-3983.917236328125
2025-10-10,-78299.9038696289,52247.958183288574,31877.93254852295,5825.986862182617
2025-10-13,17700.00457763672,-19655.957221984863,-19026.002883911133,-20981.955528259277
2025-10-14,-23700.027465820312,12767.915725708008,21882.076263427734,10949.96452331543
2025-10-15,-12900.009155273438,-4872.007369995117,9575.986862182617,-8196.029663085938
2025-10-16,-24300.04119873047,19068.05992126465,8945.932388305664,3713.9511108398438
2025-10-17,2400.054931640625,-21840.01922607422,-11129.99439239502,-30569.958686828613
2025-10-20,-600.0137329101562,6300.044059753418,-5081.992149353027,618.0381774902344
2025-10-21,8999.977111816406,4115.9820556640625,-5754.003524780273,7361.955642700195
2025-10-22,20400.009155273438,-33348.026275634766,-18395.94841003418,-31343.965530395508
2025-10-23,98700.02746582031,-51996.01650238037,-64428.07674407959,-17724.06578063965
2025-10-24,-8700.027465820312,3527.984619140625,-41.95690155029297,-5213.9997482299805
2025-10-27,-5699.958801269531,1932.0201873779297,-13859.996795654297,-17627.9354095459
2025-10-28,-34799.99542236328,-4031.968116760254,20537.95337677002,-18294.010162353516
2025-10-29,9899.940490722656,-40740.05126953125,-15581.932067871094,-46422.04284667969
2025-10-30,2700.0045776367188,-24948.034286499023,-14994.034767150879,-37242.06447601318
2025-10-31,12299.995422363281,8652.033805847168,12096.004486083984,33048.03371429443
2025-11-03,2099.9908447265625,64680.01842498779,10878.052711486816,77658.06198120117
2025-11-04,-14699.935913085938,-5627.932548522949,-16506.08539581299,-36833.953857421875
2025-11-05,-28800.086975097656,11339.97917175293,5082.09228515625,-12378.015518188477
2025-11-06,-5099.945068359375,-47292.03701019287,-26712.026596069336,-79104.00867462158
2025-11-07,9599.990844726562,21252.02178955078,5879.974365234375,36731.98699951172
2025-11-10,11400.032043457031,-25871.987342834473,-11886.019706726074,-26357.975006103516
2025-11-11,27299.99542236328,-34356.093406677246,-27425.994873046875,-34482.09285736084
2025-11-12,-76499.9771118164,47544.0788269043,39521.99935913086,10566.10107421875
2025-11-13,5999.908447265625,-3611.9985580444336,7098.026275634766,9485.936164855957
2025-11-14,42000.04577636719,-43596.02451324463,-27888.02146911621,-29484.000205993652
2025-11-17,-5400.0091552734375,18059.992790222168,-6677.956581115723,5982.027053833008
2025-11-18,24900.054931640625,-7727.980613708496,-64722.07546234131,-47550.00114440918
2025-11-19,-39000.091552734375,56447.954177856445,27468.05191040039,44915.91453552246
2025-11-20,-8999.977111816406,11508.007049560547,43008.02707672119,45516.05701446533
2025-11-21,-32399.940490722656,29400.07209777832,32298.002243041992,29298.133850097656
2025-11-24,23399.96337890625,-11088.037490844727,21125.950813293457,33437.87670135498
2025-11-25,-26699.981689453125,33095.98445892334,21965.99006652832,28361.992835998535
2025-11-26,21000.022888183594,-26712.026596069336,11886.019706726074,6174.015998840332
2025-11-28,-3000.0686645507812,-5795.960426330566,-3149.9719619750977,-11946.001052856445
2025-12-01,23100.013732910156,22680.058479309082,-2939.9871826171875,42840.08502960205
2025-12-02,-20400.009155273438,32423.973083496094,11465.950012207031,23489.913940429688
2025-12-03,9300.041198730469,2603.931427001953,4997.978210449219,16901.95083618164
2025-12-04,21599.92218017578,84.0139389038086,-1217.951774597168,20465.984344482422
2025-12-05,12300.10986328125,-5879.974365234375,-24864.020347595215,-18443.88484954834
2025-12-08,-36000.022888183594,30240.01121520996,27174.053192138672,21414.04151916504
2025-12-09,-18900.03204345703,7055.96923828125,16002.001762390137,4157.9389572143555
2025-12-10,6299.9725341796875,6888.0414962768555,-5418.047904968262,7769.966125488281
2025-12-11,-25800.018310546875,18228.020668029785,18522.019386291504,10950.021743774414
2025-12-12,-4799.995422363281,6467.9718017578125,12978.00064086914,14645.977020263672
2025-12-15,-18599.96795654297,16631.956100463867,7308.011054992676,5339.999198913574
2025-12-16,-46499.977111816406,43176.05495452881,21840.01922607422,18516.09706878662
2025-12-17,20099.945068359375,-11256.065368652344,-8778.00464630127,65.87505340576172
2025-12-18,6300.086975097656,-5879.974365234375,7517.995834350586,7938.108444213867
2025-12-19,15299.949645996094,-5795.960426330566,4073.925018310547,13577.914237976074
2025-12-22,40499.95422363281,-28560.032844543457,-15203.919410705566,-3263.998031616211
2025-12-23,11100.082397460938,-839.9391174316406,-13650.012016296387,-3389.86873626709
2025-12-24,-900.0778198242188,-3276.042938232422,13859.996795654297,9683.876037597656
2025-12-26,-48299.903869628906,41999.95994567871,21251.92165374756,14951.977729797363
2025-12-29,40200.00457763672,-15203.919410705566,-8609.976768493652,16386.1083984375
2025-12-30,-3900.0320434570312,-4872.007369995117,-9660.000801086426,-18432.040214538574
2025-12-31,-15900.077819824219,13103.971481323242,12558.03108215332,9761.924743652344
2026-01-02,-2999.9542236328125,6048.002243041992,2310.032844543457,5358.080863952637
2026-01-05,30000.0,-18312.034606933594,-11634.078025817871,53.887367248535156
2026-01-06,-35699.95880126953,16296.000480651855,25116.06216430664,5712.103843688965
2026-01-07,-34199.981689453125,5124.049186706543,11045.980453491211,-18029.95204925537
2026-01-08,53099.89929199219,-55272.05944061279,-26375.9708404541,-28548.130989074707
2026-01-09,40800.018310546875,-17051.925659179688,-6510.028839111328,17238.06381225586
2026-01-12,11400.032043457031,-11088.037490844727,-8148.050308227539,-7836.055755615234
2026-01-13,49500.04577636719,-27468.05191040039,-35279.94632720947,-13247.952461242676
2026-01-14,26099.96795654297,-3275.942802429199,-18269.977569580078,4554.047584533691
2026-01-15,-84900.05493164062,39143.98670196533,30911.922454833984,-14844.145774841309
2026-01-16,7500.0,-1175.994873046875,-12305.989265441895,-5981.9841384887695
2026-01-20,27000.045776367188,-32423.973083496094,-42377.97260284424,-47801.899909973145
2026-01-21,8399.96337890625,-28223.977088928223,-38640.0032043457,-58464.016914367676
2026-01-22,-37799.949645996094,33767.995834350586,26753.98349761963,22722.02968597412
2026-01-23,51299.97253417969,-28392.00496673584,-25913.944244384766,-3005.976676940918
2026-01-26,-13199.958801269531,25956.00128173828,-58590.05928039551,-45834.01679992676
2026-01-27,52799.949645996094,-37884.07802581787,-32843.942642211914,-17928.07102203369
2026-01-28,24599.990844726562,-22763.972282409668,-8358.03508758545,-6522.016525268555
2026-01-29,66299.97253417969,-23267.955780029297,33893.96667480469,76925.98342895508
2026-01-30,-6299.9725341796875,-2351.98974609375,-63083.953857421875,-71735.91613769531
2026-02-02,-92099.99084472656,59975.93879699707,157835.955619812,125711.90357208252
2026-02-03,32099.990844726562,-39059.97276306152,-20789.995193481445,-27749.977111816406
2026-02-04,57900.00915527344,-56531.968116760254,-25493.974685668945,-24125.93364715576
2026-02-05,-55499.95422363281,32423.973083496094,32256.0453414917,9180.06420135498
2026-02-06,7799.949645996094,-22344.002723693848,-8442.049026489258,-22986.10210418701
2026-02-09,24300.04119873047,-27131.996154785156,-1511.9504928588867,-4343.905448913574
2026-02-10,-12000.045776367188,22091.960906982422,7602.0097732543945,17693.92490386963
2026-02-11,20099.945068359375,-16547.94216156006,-17471.99535369873,-13919.992446899414
2026-02-12,-53699.913024902344,52919.96955871582,20033.96987915039,19254.026412963867
2026-02-13,1499.9771118164062,4115.9820556640625,2015.9339904785156,7631.893157958984
2026-02-17,-16799.9267578125,-2855.973243713379,-1133.9378356933594,-20789.83783721924
2026-02-18,85800.01831054688,-45024.06120300293,-53801.96571350098,-13026.008605957031
2026-02-19,37199.93591308594,-32423.87294769287,-40320.08171081543,-35544.01874542236
2026-02-20,-1200.0274658203125,7811.894416809082,12138.0615234375,18749.92847442627
2026-02-23,-2400.054931640625,6804.027557373047,-38808.03108215332,-34404.0584564209
2026-02-24,-20400.009155273438,14951.977729797363,-3653.9554595947266,-9101.9868850708
2026-02-25,-6299.9725341796875,-16799.983978271484,5417.947769165039,-17682.008743286133
2026-02-26,-6299.9725341796875,-34355.99327087402,25830.03044128418,-14825.935363769531
2026-02-27,54299.9267578125,-38303.94744873047,-24528.064727783203,-8532.085418701172
2026-03-02,126300.20141601562,-245868.04389953613,-96389.92309570312,-215957.76557922363
2026-03-03,99899.82604980469,-72912.08267211914,-120329.99038696289,-93342.24700927734
2026-03-04,3000.18310546875,-48299.903869628906,-44898.09036254883,-90197.81112670898
2026-03-05,190499.9542236328,-131040.11535644531,-134609.956741333,-75150.11787414551
2026-03-06,296699.9816894531,-63587.83721923828,-3402.0137786865234,229710.13069152832
2026-03-09,116099.853515625,-51912.00256347656,15035.991668701172,79223.84262084961
2026-03-10,-339599.99084472656,141203.89938354492,100800.00400543213,-97596.08745574951
2026-03-11,114000.09155273438,-124320.00160217285,-139524.02114868164,-149843.93119812012
2026-03-12,254400.1007080078,-148092.041015625,-92441.96891784668,13866.090774536133
2026-03-13,89399.87182617188,-64511.89041137695,-48635.95962524414,-23747.97821044922
2026-03-16,-156299.9725341797,34524.02114868164,74423.9330291748,-47352.01835632324
2026-03-17,81299.97253417969,-103404.0355682373,-74885.95962524414,-96990.02265930176
2026-03-18,3300.018310546875,20915.966033935547,-76440.06729125977,-52224.082946777344
2026-03-19,-5400.0091552734375,-24023.98109436035,-60563.93623352051,-89987.9264831543
2026-03-20,65400.00915527344,-133644.04678344727,-111887.94136047363,-180131.97898864746
2026-03-23,-305700.0732421875,261492.03300476074,232007.8468322754,187799.80659484863
2026-03-24,126600.03662109375,-145403.99551391602,-98657.99903869629,-117461.95793151855
2026-03-25,-60899.96337890625,113904.0756225586,119532.10830688477,172536.2205505371
2026-03-26,124800.10986328125,-98951.99775695801,-112181.94007873535,-86333.82797241211
2026-03-27,154799.8809814453,-100715.99006652832,-93282.10830688477,-39198.21739196777
2026-03-30,97199.93591308594,-85176.11503601074,55104.1316986084,67127.9525756836
2026-03-31,-45000.0,32928.056716918945,84377.83241271973,72305.88912963867
2026-04-01,-37799.835205078125,185556.04934692383,44772.11952209473,192528.33366394043
2026-04-02,342599.9450683594,-165144.16694641113,-127806.1294555664,49649.648666381836
2026-04-06,26100.082397460938,-16967.811584472656,13734.025955200195,22866.296768188477
2026-04-07,16199.798583984375,2519.817352294922,-62579.87022399902,-43860.25428771973
2026-04-08,-556199.7985839844,251412.16278076172,280979.962348938,-23807.673454284668
2026-04-09,103799.97253417969,4367.923736572266,-54012.05062866211,54155.845642089844
2026-04-10,-39000.091552734375,-30744.094848632812,73668.00785064697,3923.821449279785
2026-04-13,75300.06408691406,-66107.85484313965,-30449.99599456787,-21257.786750793457
2026-04-14,-234000.09155273438,64259.94873046875,88116.0020828247,-81624.14073944092
2026-04-15,300.0640869140625,-24948.034286499023,-54138.02146911621,-78785.99166870117
2026-04-16,102000.04577636719,-79380.05447387695,-33473.99711608887,-10854.005813598633
2026-04-17,-325200.1190185547,133476.01890563965,182910.06088256836,-8814.03923034668
2026-04-20,172800.06408691406,-94079.99038696289,-60270.03765106201,18450.03604888916
2026-04-21,75599.89929199219,-78119.94552612305,-78918.02787780762,-81438.07411193848
2026-04-22,24900.054931640625,-124403.91540527344,-87822.00336456299,-187325.8638381958
2026-04-23,86699.98168945312,-87528.10478210449,-21125.950813293457,-21954.073905944824
2026-04-24,-43499.908447265625,-419.9695587158203,42336.015701293945,-1583.8623046875
2026-04-27,59100.03662109375,-23855.953216552734,-36666.02611541748,-1421.9427108764648
2026-04-28,106799.9267578125,-58296.06056213379,1469.9935913085938,49973.859786987305
2026-04-29,208499.90844726562,-151788.05351257324,-95549.98397827148,-38838.1290435791
2026-04-30,-54299.9267578125,-25536.03172302246,25325.946807861328,-54510.01167297363
2026-05-01,-93899.91760253906,148092.041015625,80640.06328582764,134832.18669891357
2026-05-04,134399.87182617188,-120119.90547180176,-53256.12545013428,-38976.15909576416
2026-05-05,-124500.04577636719,98783.96987915039,18060.09292602539,-7655.982971191406
2026-05-06,-215699.84436035156,135491.95289611816,102732.02419281006,22524.13272857666
2026-05-07,-8100.128173828125,2771.9593048095703,-13020.057678222656,-18348.22654724121
2026-05-08,18300.018310546875,-59387.94136047363,-34649.99198913574,-75737.9150390625
2026-05-11,79500.04577636719,-61404.075622558594,-29189.987182617188,-11094.017028808594
2026-05-12,123300.01831054688,-82235.92758178711,-79884.03797149658,-38819.94724273682
2026-05-13,-34800.10986328125,66359.9967956543,80682.02018737793,112241.90711975098
2026-05-14,4500.0457763671875,10920.00961303711,25662.002563476562,41082.05795288086
2026-05-15,127500.0,-80807.99102783203,-62075.98686218262,-15383.977890014648
2026-05-18,97200.16479492188,-49391.984939575195,-25662.002563476562,22146.177291870117
2026-05-19,-26700.210571289062,54180.07850646973,-20159.940719604492,7319.927215576172
2026-05-20,-285299.8352050781,175391.86477661133,90467.99182891846,-19439.97859954834
2026-05-21,-57300.10986328125,90552.00576782227,48509.98878479004,81761.88468933105
2026-05-22,7500.0,-62412.04261779785,-23604.01153564453,-78516.05415344238
2026-05-26,-81299.97253417969,196056.08940124512,72743.9546585083,187500.07152557373
2026-05-27,-156299.9725341797,72912.08267211914,49182.000160217285,-34205.88970184326
2026-05-28,6600.03662109375,-43260.06889343262,-8903.975486755371,-45564.00775909424
2026-05-29,-46200.02746582031,49140.04325866699,34187.965393066406,37127.981185913086
2026-06-01,144000.09155273438,35279.84619140625,-42881.95610046387,136397.98164367676
2026-06-02,47999.95422363281,-50063.89617919922,-24905.977249145508,-26969.919204711914
2026-06-03,67799.83520507812,10668.067932128906,-62747.99823760986,15719.904899597168
2026-06-04,-89399.87182617188,78371.88720703125,73205.98125457764,62177.99663543701
2026-06-05,-75000.0,-6384.057998657227,36288.01345825195,-45096.04454040527
2026-06-08,22800.064086914062,-20747.93815612793,-5250.0200271606445,-3197.8940963745117
2026-06-09,-93000.18310546875,41579.99038696289,24401.99375152588,-27018.19896697998
2026-06-10,54900.054931640625,-74591.96090698242,-29736.027717590332,-49427.93369293213
2026-06-11,-69599.99084472656,7140.083312988281,41790.07530212402,-20669.832229614258
2026-06-12,-84900.05493164062,43343.9826965332,45653.91540527344,4097.843170166016
2026-06-15,-123899.91760253906,86183.88175964355,57918.04790496826,20202.012062072754
2026-06-16,-140999.90844726562,56027.984619140625,40445.95241546631,-44525.97141265869
2026-06-17,22199.935913085938,-24443.950653076172,-10247.998237609863,-12492.012977600098
2026-06-18,-5700.0732421875,-71651.97372436523,28266.03412628174,-49086.012840270996
2026-06-22,-53399.96337890625,6635.99967956543,14363.980293273926,-32399.983406066895
2026-06-23,-48300.018310546875,23519.8974609375,-25829.930305480957,-50610.05115509033
2026-06-24,-86100.08239746094,64848.14643859863,-9072.003364562988,-30323.939323425293
2026-06-25,47400.054931640625,-122219.9535369873,-51239.99118804932,-126059.889793396
2026-06-26,-80699.84436035156,58967.97180175781,37799.96395111084,16068.09139251709
2026-06-29,45599.89929199219,-87612.01858520508,-51870.04566192627,-93882.16495513916
2026-06-30,-37500.0,39479.942321777344,6257.987022399902,8237.929344177246
2026-07-01,-27599.945068359375,58128.03268432617,41538.0334854126,72066.1211013794
2026-07-02,3300.018310546875,23435.983657836914,14994.034767150879,41730.03673553467
2026-07-06,-4199.981689453125,-72239.97116088867,-48803.98750305176,-125243.94035339355
2026-07-07,56699.981689453125,41495.87631225586,-1386.0797882080078,96809.77821350098
2026-07-08,92399.82604980469,-125579.91027832031,-149435.96363067627,-182616.0478591919
2026-07-09,-43199.84436035156,54347.9061126709,36078.02867889404,47226.09043121338
2026-07-10,-20099.945068359375,45444.03076171875,7686.023712158203,33030.10940551758
2026-07-13,201899.87182617188,-152627.99263000488,-113526.06296539307,-64254.183769226074
2026-07-14,35999.908447265625,-51239.891052246094,-80093.92261505127,-95333.90522003174
2026-07-15,7800.0640869140625,-61824.045181274414,27719.993591308594,-26303.987503051758
2026-07-16,-19500.045776367188,13608.055114746094,-34608.13522338867,-40500.125885009766
2026-07-17,106200.02746582031,-90720.03364562988,-14237.909317016602,1242.0845031738281
2026-07-20,22200.164794921875,3108.0150604248047,-22847.986221313477,2460.193634033203
2026-07-21,50400.00915527344,-14196.052551269531,-3191.9288635253906,33012.027740478516
2026-07-22,57599.945068359375,-7392.024993896484,-9324.045181274414,40883.87489318848
2026-07-23,160800.01831054688,-68628.07273864746,-80976.01890563965,11195.926666259766
2026-07-24,-86400.146484375,84420.08972167969,67619.90547180176,65639.84870910645
2026-07-27,-200999.90844726562,57623.94905090332,28980.1025390625,-114395.8568572998
2026-07-28,-100499.95422363281,-6048.002243041992,-16505.985260009766,-123053.94172668457
2026-07-29,155999.90844726562,-53171.91123962402,-92064.05639648438,10763.940811157227
2026-07-30,-26100.082397460938,95004.04357910156,67493.93463134766,136397.89581298828
2026-07-31,32400.054931640625,53003.883361816406,36918.067932128906,122322.00622558594
2026-08-03,-129900.05493164062,214115.98205566406,102606.05335235596,186821.9804763794
2026-08-04,-137099.99084472656,96180.03845214844,44813.9762878418,3894.023895263672
2026-08-05,-16499.862670898438,11256.065368652344,-10794.038772583008,-16037.836074829102
2026-08-06,62099.99084472656,-83747.97821044922,-36035.97164154053,-57683.95900726318
2026-08-07,26699.981689453125,-39312.11471557617,-8568.01986694336,-21180.152893066406
2026-08-10,118499.90844726562,-126083.99391174316,-120707.9029083252,-128291.98837280273
2026-08-11,32099.990844726562,-1007.9669952392578,-26334.11407470703,4757.909774780273
2026-08-12,2099.9908447265625,-14364.080429077148,-21629.934310913086,-33894.02389526367
2026-08-13,-60599.89929199219,21588.077545166016,22428.016662597656,-16583.805084228516
2026-08-14,34500.04577636719,-47123.90899658203,-13565.998077392578,-26189.861297607422
2026-08-17,62999.95422363281,-72240.17143249512,-64764.0323638916,-74004.2495727539
2026-08-18,13200.0732421875,-26543.99871826172,-5460.004806518555,-18803.930282592773
2026-08-19,26699.981689453125,39144.086837768555,-924.0531921386719,64920.01533508301
2026-08-20,60000.0,-6552.085876464844,-11759.94873046875,41687.965393066406
2026-08-21,-23100.128173828125,-71399.83177185059,-6090.059280395508,-100590.01922607422
2026-08-24,-61499.86267089844,64763.832092285156,95381.95610046387,98645.92552185059
2026-08-25,-79500.04577636719,15036.191940307617,10038.013458251953,-54425.84037780762
2026-08-26,-3899.9176025390625,-56448.15444946289,-6804.027557373047,-67152.099609375
2026-08-27,38999.86267089844,-53844.02275085449,-7853.851318359375,-22698.01139831543
2026-08-28,-3899.9176025390625,-88788.01345825195,-32760.028839111328,-125447.95989990234
2026-08-31,70800.01831054688,44436.06376647949,-58211.94648742676,57024.13558959961
2026-09-01,133799.9725341797,253596.12464904785,-76440.06729125977,310956.0298919678
2026-09-02,23700.027465820312,26291.85676574707,-2057.9910278320312,47933.89320373535
2026-09-03,8700.027465820312,-26124.0291595459,37212.066650390625,19788.06495666504
2026-09-04,5400.0091552734375,-66947.99423217773,22427.81639099121,-39120.168685913086
2026-09-08,46499.86267089844,-31835.975646972656,-11591.920852661133,3071.9661712646484
2026-09-09,90600.12817382812,35196.13265991211,-97944.03076171875,27852.230072021484
2026-09-10,192900.00915527344,-153384.01794433594,-107729.90226745605,-68213.91105651855
2026-09-11,-72900.00915527344,72239.97116088867,41243.934631347656,40583.89663696289
2026-09-14,40199.89013671875,-8316.078186035156,-924.0531921386719,30959.758758544922
2026-09-15,133200.0732421875,-124403.91540527344,-126209.96475219727,-117413.8069152832
2026-09-16,-102000.04577636719,-16631.956100463867,6510.028839111328,-112121.97303771973
2026-09-17,-15599.899291992188,-18732.004165649414,55691.92886352539,21360.02540588379
2026-09-18,-48300.018310546875,-17052.125930786133,23562.15476989746,-41789.98947143555
2026-09-21,-135600.12817382812,48468.13201904297,70685.86349487305,-16446.13265991211
2026-09-22,-35700.0732421875,-14784.049987792969,-22091.960906982422,-72576.08413696289
2026-09-23,-72899.7802734375,-83579.9503326416,69593.9826965332,-86885.7479095459
2026-09-24,73499.90844726562,18815.91796875,19362.058639526367,111677.88505554199
2026-09-25,-65999.90844726562,143808.03108215332,19151.973724365234,96960.09635925293
2026-09-28,5699.8443603515625,46788.05351257324,-29652.013778686523,22835.88409423828
2026-09-29,-96600.03662109375,49979.98237609863,-59892.024993896484,-106512.0792388916
2026-09-30,31200.027465820312,-134064.0163421631,-24780.006408691406,-127643.99528503418
2026-10-01,73500.13732910156,29567.899703979492,132257.96699523926,235326.0040283203
2026-10-02,-52800.06408691406,75767.9557800293,59178.056716918945,82145.94841003418
2026-10-05,-50400.00915527344,55608.015060424805,-18521.91925048828,-13313.913345336914
2026-10-06,300.0640869140625,-22679.95834350586,-10163.984298706055,-32543.87855529785
2026-10-07,-34800.10986328125,32760.028839111328,-22386.159896850586,-24426.240921020508
