date,CL=F,RB=F,HO=F
2018-01-02,60.369998931884766,1.763100028038025,2.0583999156951904
2018-01-03,61.630001068115234,1.7973999977111816,2.0880000591278076
2018-01-04,62.0099983215332,1.8066999912261963,2.0769999027252197
2018-01-05,61.439998626708984,1.7857999801635742,2.0587000846862793
2018-01-08,61.72999954223633,1.7918000221252441,2.0453999042510986
2018-01-09,62.959999084472656,1.8361999988555908,2.066200017929077
2018-01-10,63.56999969482422,1.8327000141143799,2.080699920654297
2018-01-11,63.79999923706055,1.8370000123977661,2.07669997215271
2018-01-12,64.30000305175781,1.8494999408721924,2.0850000381469727
2018-01-16,63.72999954223633,1.8384000062942505,2.0634000301361084
2018-01-17,63.970001220703125,1.8583999872207642,2.0690999031066895
2018-01-18,63.95000076293945,1.8834999799728394,2.0617001056671143
2018-01-19,63.369998931884766,1.8636000156402588,2.0583999156951904
2018-01-22,63.4900016784668,1.8801000118255615,2.0569000244140625
2018-01-23,64.47000122070312,1.9086999893188477,2.0861001014709473
2018-01-24,65.61000061035156,1.9163999557495117,2.106100082397461
2018-01-25,65.51000213623047,1.9154000282287598,2.1154000759124756
2018-01-26,66.13999938964844,1.9377000331878662,2.135999917984009
2018-01-29,65.55999755859375,1.9349000453948975,2.10479998588562
2018-01-30,64.5,1.895400047302246,2.071700096130371
2018-01-31,64.7300033569336,1.9075000286102295,2.069200038909912
2018-02-01,65.80000305175781,1.895799994468689,2.090399980545044
2018-02-02,65.44999694824219,1.871999979019165,2.053499937057495
2018-02-05,64.1500015258789,1.84660005569458,2.0195999145507812
2018-02-06,63.38999938964844,1.8051999807357788,1.9851000308990479
2018-02-07,61.790000915527344,1.7660000324249268,1.9313000440597534
2018-02-08,61.150001525878906,1.7649999856948853,1.9213000535964966
2018-02-09,59.20000076293945,1.7001999616622925,1.8551000356674194
2018-02-12,59.290000915527344,1.6785000562667847,1.8388999700546265
2018-02-13,59.189998626708984,1.6852999925613403,1.836899995803833
2018-02-14,60.599998474121094,1.7130000591278076,1.8844000101089478
2018-02-15,61.34000015258789,1.73580002784729,1.8916000127792358
2018-02-16,61.68000030517578,1.7509000301361084,1.9104000329971313
2018-02-20,61.900001525878906,1.7503000497817993,1.9277000427246094
2018-02-21,61.68000030517578,1.7573000192642212,1.9322999715805054
2018-02-22,62.77000045776367,1.7656999826431274,1.9527000188827515
2018-02-23,63.54999923706055,1.808500051498413,1.9694000482559204
2018-02-26,63.90999984741211,1.82669997215271,1.9859000444412231
2018-02-27,63.0099983215332,1.8034000396728516,1.9630000591278076
2018-02-28,61.63999938964844,1.757699966430664,1.913599967956543
2018-03-01,60.9900016784668,1.896399974822998,1.8854999542236328
2018-03-02,61.25,1.9013999700546265,1.8796000480651855
2018-03-05,62.56999969482422,1.9349000453948975,1.8967000246047974
2018-03-06,62.599998474121094,1.9330999851226807,1.9033000469207764
2018-03-07,61.150001525878906,1.9103000164031982,1.8746000528335571
2018-03-08,60.119998931884766,1.8676999807357788,1.8590999841690063
2018-03-09,62.040000915527344,1.9042999744415283,1.8866000175476074
2018-03-12,61.36000061035156,1.8940000534057617,1.8646999597549438
2018-03-13,60.709999084472656,1.886299967765808,1.873900055885315
2018-03-14,60.959999084472656,1.924299955368042,1.8870999813079834
2018-03-15,61.189998626708984,1.9248000383377075,1.892899990081787
2018-03-16,62.34000015258789,1.9458999633789062,1.9118000268936157
2018-03-19,62.060001373291016,1.9249000549316406,1.906999945640564
2018-03-20,63.400001525878906,1.96589994430542,1.9494999647140503
2018-03-21,65.16999816894531,2.012200117111206,2.003700017929077
2018-03-22,64.30000305175781,2.0095999240875244,1.992300033569336
2018-03-23,65.87999725341797,2.033600091934204,2.018399953842163
2018-03-26,65.55000305175781,2.0104000568389893,2.015000104904175
2018-03-27,65.25,2.0134999752044678,2.02239990234375
2018-03-28,64.37999725341797,2.0116000175476074,2.0148000717163086
2018-03-29,64.94000244140625,2.017899990081787,2.02839994430542
2018-04-02,63.0099983215332,1.9660999774932861,1.9802000522613525
2018-04-03,63.5099983215332,1.9740999937057495,1.9950000047683716
2018-04-04,63.369998931884766,1.9767999649047852,1.9773000478744507
2018-04-05,63.540000915527344,1.981600046157837,1.9765000343322754
2018-04-06,62.060001373291016,1.954699993133545,1.957800030708313
2018-04-09,63.41999816894531,1.9842000007629395,1.9966000318527222
2018-04-10,65.51000213623047,2.0408999919891357,2.0648000240325928
2018-04-11,66.81999969482422,2.0676000118255615,2.0927000045776367
2018-04-12,67.06999969482422,2.0546000003814697,2.0838000774383545
2018-04-13,67.38999938964844,2.0653998851776123,2.1001999378204346
2018-04-16,66.22000122070312,2.039900064468384,2.0703001022338867
2018-04-17,66.5199966430664,2.0411999225616455,2.0571000576019287
2018-04-18,68.47000122070312,2.0683000087738037,2.091099977493286
2018-04-19,68.29000091552734,2.077399969100952,2.1094000339508057
2018-04-20,68.37999725341797,2.095900058746338,2.122999906539917
2018-04-23,68.63999938964844,2.123699903488159,2.140899896621704
2018-04-24,67.69999694824219,2.094899892807007,2.1275999546051025
2018-04-25,68.05000305175781,2.0896999835968018,2.135999917984009
2018-04-26,68.19000244140625,2.112299919128418,2.1600000858306885
2018-04-27,68.0999984741211,2.1268999576568604,2.150899887084961
2018-04-30,68.56999969482422,2.129199981689453,2.1673998832702637
2018-05-01,67.25,2.087599992752075,2.0996999740600586
2018-05-02,67.93000030517578,2.0797998905181885,2.121500015258789
2018-05-03,68.43000030517578,2.0875000953674316,2.1126999855041504
2018-05-04,69.72000122070312,2.114000082015991,2.1540000438690186
2018-05-07,70.7300033569336,2.134000062942505,2.184999942779541
2018-05-08,69.05999755859375,2.1113998889923096,2.1577000617980957
2018-05-09,71.13999938964844,2.16729998588562,2.2179999351501465
2018-05-10,71.36000061035156,2.188999891281128,2.2228000164031982
2018-05-11,70.69999694824219,2.188800096511841,2.2219998836517334
2018-05-14,70.95999908447266,2.200200080871582,2.2495999336242676
2018-05-15,71.30999755859375,2.2047998905181885,2.249000072479248
2018-05-16,71.48999786376953,2.2499001026153564,2.269200086593628
2018-05-17,71.48999786376953,2.2430999279022217,2.2808001041412354
2018-05-18,71.27999877929688,2.233299970626831,2.265500068664551
2018-05-21,72.23999786376953,2.256500005722046,2.2737998962402344
2018-05-22,72.12999725341797,2.27020001411438,2.2799999713897705
2018-05-23,71.83999633789062,2.2600998878479004,2.289599895477295
2018-05-24,70.70999908447266,2.233799934387207,2.266700029373169
2018-05-25,67.87999725341797,2.1814000606536865,2.2098000049591064
2018-05-29,66.7300033569336,2.1440999507904053,2.1858999729156494
2018-05-30,68.20999908447266,2.1842000484466553,2.2316999435424805
2018-05-31,67.04000091552734,2.1603000164031982,2.1914000511169434
2018-06-01,65.80999755859375,2.143399953842163,2.176300048828125
2018-06-04,64.75,2.1224000453948975,2.1524999141693115
2018-06-05,65.5199966430664,2.1061999797821045,2.1415998935699463
2018-06-06,64.7300033569336,2.069999933242798,2.1266000270843506
2018-06-07,65.94999694824219,2.114799976348877,2.1798999309539795
2018-06-08,65.73999786376953,2.115299940109253,2.164299964904785
2018-06-11,66.0999984741211,2.1048998832702637,2.1607000827789307
2018-06-12,66.36000061035156,2.089900016784668,2.161799907684326
2018-06-13,66.63999938964844,2.125200033187866,2.1851000785827637
2018-06-14,66.88999938964844,2.0910000801086426,2.1586999893188477
2018-06-15,65.05999755859375,2.023200035095215,2.0869998931884766
2018-06-18,65.8499984741211,2.0546000003814697,2.1315999031066895
2018-06-19,65.06999969482422,2.037899971008301,2.121799945831299
2018-06-20,66.22000122070312,2.0234999656677246,2.107100009918213
2018-06-21,65.54000091552734,2.0123000144958496,2.0701000690460205
2018-06-22,68.58000183105469,2.070499897003174,2.1254000663757324
2018-06-25,68.08000183105469,2.051500082015991,2.100399971008301
2018-06-26,70.52999877929688,2.0745999813079834,2.128999948501587
2018-06-27,72.76000213623047,2.1335999965667725,2.1772000789642334
2018-06-28,73.44999694824219,2.1328999996185303,2.1782000064849854
2018-06-29,74.1500015258789,2.1791000366210938,2.2093000411987305
2018-07-02,73.94000244140625,2.10479998588562,2.1558001041412354
2018-07-03,74.13999938964844,2.1175999641418457,2.1642000675201416
2018-07-05,72.94000244140625,2.129300117492676,2.1786999702453613
2018-07-06,73.80000305175781,2.1085000038146973,2.1684000492095947
2018-07-09,73.8499984741211,2.1484999656677246,2.19569993019104
2018-07-10,74.11000061035156,2.1603000164031982,2.2218000888824463
2018-07-11,70.37999725341797,2.0613999366760254,2.100800037384033
2018-07-12,70.33000183105469,2.071700096130371,2.1231000423431396
2018-07-13,71.01000213623047,2.1066999435424805,2.1333999633789062
2018-07-16,68.05999755859375,2.00219988822937,2.05430006980896
2018-07-17,68.08000183105469,2.026099920272827,2.0701000690460205
2018-07-18,68.76000213623047,2.0443999767303467,2.0903000831604004
2018-07-19,69.45999908447266,2.0434999465942383,2.090100049972534
2018-07-20,70.45999908447266,2.069000005722046,2.1043999195098877
2018-07-23,67.88999938964844,2.091399908065796,2.118000030517578
2018-07-24,68.5199966430664,2.095599889755249,2.1326000690460205
2018-07-25,69.30000305175781,2.1231000423431396,2.15120005607605
2018-07-26,69.61000061035156,2.1623001098632812,2.1768999099731445
2018-07-27,68.69000244140625,2.161900043487549,2.1552000045776367
2018-07-30,70.12999725341797,2.1603000164031982,2.1710000038146973
2018-07-31,68.76000213623047,2.1291000843048096,2.1319000720977783
2018-08-01,67.66000366210938,2.045099973678589,2.097399950027466
2018-08-02,68.95999908447266,2.0680999755859375,2.1317999362945557
2018-08-03,68.48999786376953,2.065500020980835,2.1268999576568604
2018-08-06,69.01000213623047,2.0650999546051025,2.1393001079559326
2018-08-07,69.16999816894531,2.1040000915527344,2.169100046157837
2018-08-08,66.94000244140625,2.0195000171661377,2.1157000064849854
2018-08-09,66.80999755859375,1.999899983406067,2.1119000911712646
2018-08-10,67.62999725341797,2.0392000675201416,2.139699935913086
2018-08-13,67.19999694824219,2.014699935913086,2.13700008392334
2018-08-14,67.04000091552734,2.03410005569458,2.128700017929077
2018-08-15,65.01000213623047,1.9974000453948975,2.090399980545044
2018-08-16,65.45999908447266,1.9874000549316406,2.096400022506714
2018-08-17,65.91000366210938,1.9809000492095947,2.0982000827789307
2018-08-20,66.43000030517578,2.0151000022888184,2.113800048828125
2018-08-21,67.3499984741211,2.017899990081787,2.1236000061035156
2018-08-22,67.86000061035156,2.068000078201294,2.168299913406372
2018-08-23,67.83000183105469,2.0592000484466553,2.1754000186920166
2018-08-24,68.72000122070312,2.077899932861328,2.202199935913086
2018-08-27,68.87000274658203,2.089600086212158,2.214900016784668
2018-08-28,68.52999877929688,2.078700065612793,2.211400032043457
2018-08-29,69.51000213623047,2.1059999465942383,2.2421000003814697
2018-08-30,70.25,2.1435000896453857,2.248300075531006
2018-08-31,69.80000305175781,2.143699884414673,2.241300106048584
2018-09-04,69.87000274658203,1.9941999912261963,2.254699945449829
2018-09-05,68.72000122070312,1.9648000001907349,2.234499931335449
2018-09-06,67.7699966430664,1.9509999752044678,2.2091000080108643
2018-09-07,67.75,1.9700000286102295,2.2181999683380127
2018-09-10,67.54000091552734,1.9592000246047974,2.2177999019622803
2018-09-11,69.25,2.01419997215271,2.252000093460083
2018-09-12,70.37000274658203,2.0348000526428223,2.257699966430664
2018-09-13,68.58999633789062,1.992900013923645,2.2235000133514404
2018-09-14,68.98999786376953,1.9701999425888062,2.209199905395508
2018-09-17,68.91000366210938,1.9767999649047852,2.206399917602539
2018-09-18,69.8499984741211,2.0048999786376953,2.2356998920440674
2018-09-19,71.12000274658203,2.020699977874756,2.2465999126434326
2018-09-20,70.80000305175781,2.0146000385284424,2.2279999256134033
2018-09-21,70.77999877929688,2.0171000957489014,2.2260000705718994
2018-09-24,72.08000183105469,2.0546998977661133,2.285900115966797
2018-09-25,72.27999877929688,2.067699909210205,2.305299997329712
2018-09-26,71.56999969482422,2.058500051498413,2.299799919128418
2018-09-27,72.12000274658203,2.08240008354187,2.3231000900268555
2018-09-28,73.25,2.1012001037597656,2.351799964904785
2018-10-01,75.30000305175781,2.127500057220459,2.407900094985962
2018-10-02,75.2300033569336,2.1268999576568604,2.407599925994873
2018-10-03,76.41000366210938,2.1377999782562256,2.4372000694274902
2018-10-04,74.33000183105469,2.100399971008301,2.3996999263763428
2018-10-05,74.33999633789062,2.0861001014709473,2.3922998905181885
2018-10-08,74.29000091552734,2.0936999320983887,2.394200086593628
2018-10-09,74.95999908447266,2.077399969100952,2.423799991607666
2018-10-10,73.16999816894531,2.020400047302246,2.39490008354187
2018-10-11,70.97000122070312,1.9327000379562378,2.332200050354004
2018-10-12,71.33999633789062,1.9420000314712524,2.3213000297546387
2018-10-15,71.77999877929688,1.9443000555038452,2.325700044631958
2018-10-16,71.91999816894531,1.9773000478744507,2.3401999473571777
2018-10-17,69.75,1.9186999797821045,2.3111000061035156
2018-10-18,68.6500015258789,1.8911000490188599,2.2948999404907227
2018-10-19,69.12000274658203,1.9139000177383423,2.302000045776367
2018-10-22,69.16999816894531,1.9067000150680542,2.3180999755859375
2018-10-23,66.43000030517578,1.8367999792099,2.2483999729156494
2018-10-24,66.81999969482422,1.8222999572753906,2.2520999908447266
2018-10-25,67.33000183105469,1.8128999471664429,2.27810001373291
2018-10-26,67.58999633789062,1.815000057220459,2.302999973297119
2018-10-29,67.04000091552734,1.8249000310897827,2.2843000888824463
2018-10-30,66.18000030517578,1.805899977684021,2.2597999572753906
2018-10-31,65.30999755859375,1.7680000066757202,2.2618000507354736
2018-11-01,63.689998626708984,1.7165000438690186,2.2007999420166016
2018-11-02,63.13999938964844,1.708299994468689,2.172800064086914
2018-11-05,63.099998474121094,1.6919000148773193,2.1963000297546387
2018-11-06,62.209999084472656,1.694000005722046,2.1882998943328857
2018-11-07,61.66999816894531,1.6474000215530396,2.2370998859405518
2018-11-08,60.66999816894531,1.6442999839782715,2.168299913406372
2018-11-09,60.189998626708984,1.621399998664856,2.172800064086914
2018-11-12,59.93000030517578,1.6367000341415405,2.155600070953369
2018-11-13,55.689998626708984,1.5427000522613525,2.0625
2018-11-14,56.25,1.5606000423431396,2.095900058746338
2018-11-15,56.459999084472656,1.5565999746322632,2.0741000175476074
2018-11-16,56.459999084472656,1.5770000219345093,2.073699951171875
2018-11-19,56.7599983215332,1.582900047302246,2.086400032043457
2018-11-20,53.43000030517578,1.49590003490448,1.9902000427246094
2018-11-21,54.630001068115234,1.510699987411499,1.9701999425888062
2018-11-23,50.41999816894531,1.3912999629974365,1.8761999607086182
2018-11-26,51.630001068115234,1.4426000118255615,1.8930000066757202
2018-11-27,51.560001373291016,1.420799970626831,1.8860000371932983
2018-11-28,50.290000915527344,1.3978999853134155,1.8384000062942505
2018-11-29,51.45000076293945,1.454699993133545,1.8436000347137451
2018-11-30,50.93000030517578,1.4413000345230103,1.8454999923706055
2018-12-03,52.95000076293945,1.431399941444397,1.8875000476837158
2018-12-04,53.25,1.4434000253677368,1.9009000062942505
2018-12-06,51.4900016784668,1.43340003490448,1.858199954032898
2018-12-07,52.61000061035156,1.48580002784729,1.886199951171875
2018-12-10,51.0,1.4189000129699707,1.844099998474121
2018-12-11,51.650001525878906,1.4398000240325928,1.847100019454956
2018-12-12,51.150001525878906,1.4204000234603882,1.8509000539779663
2018-12-13,52.58000183105469,1.4781999588012695,1.8765000104904175
2018-12-14,51.20000076293945,1.4342999458312988,1.8452999591827393
2018-12-17,49.880001068115234,1.4104000329971313,1.82669997215271
2018-12-18,46.2400016784668,1.3504999876022339,1.7539000511169434
2018-12-19,47.20000076293945,1.386299967765808,1.805400013923645
2018-12-20,45.880001068115234,1.3223999738693237,1.7496999502182007
2018-12-21,45.59000015258789,1.3183000087738037,1.732699990272522
2018-12-24,42.529998779296875,1.2488000392913818,1.6621999740600586
2018-12-26,46.220001220703125,1.330399990081787,1.7336000204086304
2018-12-27,44.61000061035156,1.3040000200271606,1.6783000230789185
2018-12-28,45.33000183105469,1.326200008392334,1.6647000312805176
2018-12-31,45.40999984741211,1.323699951171875,1.680799961090088
2019-01-02,46.540000915527344,1.325600028038025,1.700600028038025
2019-01-03,47.09000015258789,1.3494999408721924,1.7419999837875366
2019-01-04,47.959999084472656,1.3478000164031982,1.7691999673843384
2019-01-07,48.52000045776367,1.3408000469207764,1.77839994430542
2019-01-08,49.779998779296875,1.3625999689102173,1.8270000219345093
2019-01-09,52.36000061035156,1.4254000186920166,1.8808000087738037
2019-01-10,52.59000015258789,1.4306999444961548,1.9061000347137451
2019-01-11,51.59000015258789,1.4006999731063843,1.879699945449829
2019-01-14,50.5099983215332,1.363800048828125,1.8524999618530273
2019-01-15,52.11000061035156,1.4113999605178833,1.8722000122070312
2019-01-16,52.310001373291016,1.4158999919891357,1.8946000337600708
2019-01-17,52.06999969482422,1.4299999475479126,1.8842999935150146
2019-01-18,53.79999923706055,1.4528000354766846,1.9160000085830688
2019-01-22,52.56999969482422,1.4014999866485596,1.9011000394821167
2019-01-23,52.619998931884766,1.385699987411499,1.8885999917984009
2019-01-24,53.130001068115234,1.3875999450683594,1.885599970817566
2019-01-25,53.689998626708984,1.3894000053405762,1.8918999433517456
2019-01-28,51.9900016784668,1.3330999612808228,1.8377000093460083
2019-01-29,53.310001373291016,1.3509000539779663,1.8975000381469727
2019-01-30,54.22999954223633,1.3823000192642212,1.8983999490737915
2019-01-31,53.790000915527344,1.3626999855041504,1.8788000345230103
2019-02-01,55.2599983215332,1.436900019645691,1.9127000570297241
2019-02-04,54.560001373291016,1.4322999715805054,1.9074000120162964
2019-02-05,53.65999984741211,1.4258999824523926,1.8975000381469727
2019-02-06,54.0099983215332,1.4591000080108643,1.9121999740600586
2019-02-07,52.63999938964844,1.4257999658584595,1.9005000591278076
2019-02-08,52.720001220703125,1.4464000463485718,1.9084999561309814
2019-02-11,52.40999984741211,1.4191999435424805,1.892199993133545
2019-02-12,53.099998474121094,1.4271999597549438,1.9071999788284302
2019-02-13,53.900001525878906,1.4651000499725342,1.9387999773025513
2019-02-14,54.40999984741211,1.5084999799728394,1.97160005569458
2019-02-15,55.59000015258789,1.5729000568389893,2.0202999114990234
2019-02-19,56.09000015258789,1.5637999773025513,1.9946000576019287
2019-02-20,56.91999816894531,1.598099946975708,2.0183000564575195
2019-02-21,56.959999084472656,1.614400029182434,2.03629994392395
2019-02-22,57.2599983215332,1.611199975013733,2.031100034713745
2019-02-25,55.47999954223633,1.545199990272522,1.9745999574661255
2019-02-26,55.5,1.586300015449524,1.9984999895095825
2019-02-27,56.939998626708984,1.6339999437332153,2.0216000080108643
2019-02-28,57.220001220703125,1.6292999982833862,2.0234999656677246
2019-03-01,55.79999923706055,1.730299949645996,2.000999927520752
2019-03-04,56.59000015258789,1.7489999532699585,2.0143001079559326
2019-03-05,56.560001373291016,1.7674000263214111,2.016400098800659
2019-03-06,56.220001220703125,1.7890000343322754,2.016200065612793
2019-03-07,56.65999984741211,1.805400013923645,2.012700080871582
2019-03-08,56.06999969482422,1.8016999959945679,1.9997999668121338
2019-03-11,56.790000915527344,1.8259999752044678,1.9941999912261963
2019-03-12,56.869998931884766,1.815500020980835,1.985700011253357
2019-03-13,58.2599983215332,1.8567999601364136,1.9921000003814697
2019-03-14,58.61000061035156,1.8494999408721924,1.9848999977111816
2019-03-15,58.52000045776367,1.857699990272522,1.9677000045776367
2019-03-18,59.09000015258789,1.8827999830245972,1.968999981880188
2019-03-19,59.029998779296875,1.8931000232696533,1.990399956703186
2019-03-20,59.83000183105469,1.916599988937378,2.0081000328063965
2019-03-21,59.97999954223633,1.920300006866455,1.9871000051498413
2019-03-22,59.040000915527344,1.9258999824523926,1.96589994430542
2019-03-25,58.81999969482422,1.9378999471664429,1.9803999662399292
2019-03-26,59.939998626708984,1.9557000398635864,1.98989999294281
2019-03-27,59.40999984741211,1.8954999446868896,1.9805999994277954
2019-03-28,59.29999923706055,1.8798999786376953,1.972000002861023
2019-03-29,60.13999938964844,1.8955999612808228,1.9733999967575073
2019-04-01,61.59000015258789,1.898900032043457,1.9881000518798828
2019-04-02,62.58000183105469,1.9285000562667847,2.0088999271392822
2019-04-03,62.459999084472656,1.951200008392334,2.0067999362945557
2019-04-04,62.099998474121094,1.9399000406265259,2.013400077819824
2019-04-05,63.08000183105469,1.9687000513076782,2.0423998832702637
2019-04-08,64.4000015258789,1.9880000352859497,2.0571000576019287
2019-04-09,63.97999954223633,1.9989999532699585,2.0448999404907227
2019-04-10,64.61000061035156,2.069200038909912,2.087599992752075
2019-04-11,63.58000183105469,2.030900001525879,2.067199945449829
2019-04-12,63.88999938964844,2.0369999408721924,2.07069993019104
2019-04-15,63.400001525878906,2.0118000507354736,2.061000108718872
2019-04-16,64.05000305175781,2.0316998958587646,2.082200050354004
2019-04-17,63.7599983215332,2.041800022125244,2.069200038909912
2019-04-18,64.0,2.072200059890747,2.0708999633789062
2019-04-22,65.69999694824219,2.1298000812530518,2.1040000915527344
2019-04-23,66.30000305175781,2.1315999031066895,2.118000030517578
2019-04-24,65.88999938964844,2.128499984741211,2.0987000465393066
2019-04-25,65.20999908447266,2.1321001052856445,2.098099946975708
2019-04-26,63.29999923706055,2.100600004196167,2.0511999130249023
2019-04-29,63.5,2.0827999114990234,2.0548999309539795
2019-04-30,63.90999984741211,2.123199939727783,2.081199884414673
2019-05-01,63.599998474121094,2.064199924468994,2.0941998958587646
2019-05-02,61.810001373291016,2.0183000564575195,2.0778000354766846
2019-05-03,61.939998626708984,2.0264999866485596,2.070199966430664
2019-05-06,62.25,1.9966000318527222,2.0676000118255615
2019-05-07,61.400001525878906,1.948699951171875,2.037600040435791
2019-05-08,62.119998931884766,1.975000023841858,2.0562000274658203
2019-05-09,61.70000076293945,1.9753999710083008,2.043600082397461
2019-05-10,61.65999984741211,1.9890999794006348,2.0504000186920166
2019-05-13,61.040000915527344,1.9637000560760498,2.0383999347686768
2019-05-14,61.779998779296875,1.976699948310852,2.0589001178741455
2019-05-15,62.02000045776367,2.012700080871582,2.0862998962402344
2019-05-16,62.869998931884766,2.061800003051758,2.123199939727783
2019-05-17,62.7599983215332,2.047300100326538,2.0954999923706055
2019-05-20,63.099998474121094,2.0099000930786133,2.0736000537872314
2019-05-21,62.9900016784668,2.0192999839782715,2.079400062561035
2019-05-22,61.41999816894531,1.9911999702453613,2.049099922180176
2019-05-23,57.90999984741211,1.9133000373840332,1.962399959564209
2019-05-24,58.630001068115234,1.934499979019165,1.9713000059127808
2019-05-28,59.13999938964844,1.9566999673843384,1.9924999475479126
2019-05-29,58.810001373291016,1.945199966430664,1.9674999713897705
2019-05-30,56.59000015258789,1.878600001335144,1.9149999618530273
2019-05-31,53.5,1.8020000457763672,1.8417999744415283
2019-06-03,53.25,1.7412999868392944,1.80649995803833
2019-06-04,53.47999954223633,1.7242000102996826,1.8214999437332153
2019-06-05,51.68000030517578,1.6928000450134277,1.7799999713897705
2019-06-06,52.59000015258789,1.7075999975204468,1.7883000373840332
2019-06-07,53.9900016784668,1.7388999462127686,1.8248000144958496
2019-06-10,53.2599983215332,1.730299949645996,1.8063000440597534
2019-06-11,53.27000045776367,1.7562999725341797,1.822100043296814
2019-06-12,51.13999938964844,1.6861000061035156,1.7798999547958374
2019-06-13,52.279998779296875,1.7199000120162964,1.8065999746322632
2019-06-14,52.5099983215332,1.7324999570846558,1.8293999433517456
2019-06-17,51.93000030517578,1.6907999515533447,1.7994999885559082
2019-06-18,53.900001525878906,1.7214000225067139,1.8278000354766846
2019-06-19,53.7599983215332,1.7354999780654907,1.8293999433517456
2019-06-20,56.650001525878906,1.7862999439239502,1.8842999935150146
2019-06-21,57.43000030517578,1.8560999631881714,1.9157999753952026
2019-06-24,57.900001525878906,1.8549000024795532,1.9089000225067139
2019-06-25,57.83000183105469,1.8772000074386597,1.9234000444412231
2019-06-26,59.380001068115234,1.9703999757766724,1.9713000059127808
2019-06-27,59.43000030517578,1.9465999603271484,1.9524999856948853
2019-06-28,58.470001220703125,1.9424999952316284,1.944599986076355
2019-07-01,59.09000015258789,1.9305000305175781,1.9537999629974365
2019-07-02,56.25,1.870300054550171,1.886299967765808
2019-07-03,57.34000015258789,1.916700005531311,1.8986999988555908
2019-07-05,57.5099983215332,1.9294999837875366,1.9049999713897705
2019-07-08,57.65999984741211,1.9012999534606934,1.895300030708313
2019-07-09,57.83000183105469,1.926900029182434,1.910599946975708
2019-07-10,60.43000030517578,2.005199909210205,1.9910000562667847
2019-07-11,60.20000076293945,1.9895000457763672,1.978600025177002
2019-07-12,60.209999084472656,1.9769999980926514,1.9801000356674194
2019-07-15,59.58000183105469,1.930299997329712,1.9515999555587769
2019-07-16,57.619998931884766,1.891800045967102,1.9048999547958374
2019-07-17,56.779998779296875,1.8787000179290771,1.8926000595092773
2019-07-18,55.29999923706055,1.8342000246047974,1.8624999523162842
2019-07-19,55.630001068115234,1.840499997138977,1.8896000385284424
2019-07-22,56.220001220703125,1.8279000520706177,1.8995000123977661
2019-07-23,56.77000045776367,1.8604999780654907,1.9217000007629395
2019-07-24,55.880001068115234,1.8551000356674194,1.9086999893188477
2019-07-25,56.02000045776367,1.8803000450134277,1.9142999649047852
2019-07-26,56.20000076293945,1.874400019645691,1.9043999910354614
2019-07-29,56.869998931884766,1.8633999824523926,1.910599946975708
2019-07-30,58.04999923706055,1.8969000577926636,1.944000005722046
2019-07-31,58.58000183105469,1.9019999504089355,1.9550000429153442
2019-08-01,53.95000076293945,1.749899983406067,1.8529000282287598
2019-08-02,55.65999984741211,1.781499981880188,1.8902000188827515
2019-08-05,54.689998626708984,1.718000054359436,1.8356000185012817
2019-08-06,53.630001068115234,1.6872999668121338,1.8240000009536743
2019-08-07,51.09000015258789,1.620300054550171,1.7532000541687012
2019-08-08,52.540000915527344,1.6456999778747559,1.7766000032424927
2019-08-09,54.5,1.6740000247955322,1.8079999685287476
2019-08-12,54.93000030517578,1.6651999950408936,1.805799961090088
2019-08-13,57.099998474121094,1.7364000082015991,1.8773000240325928
2019-08-14,55.22999954223633,1.6757999658584595,1.8437000513076782
2019-08-15,54.470001220703125,1.6363999843597412,1.8107000589370728
2019-08-16,54.869998931884766,1.6568000316619873,1.8128000497817993
2019-08-19,56.209999084472656,1.6643999814987183,1.8330999612808228
2019-08-20,56.34000015258789,1.6811000108718872,1.8543000221252441
2019-08-21,55.68000030517578,1.6937999725341797,1.857300043106079
2019-08-22,55.349998474121094,1.6675000190734863,1.8413000106811523
2019-08-23,54.16999816894531,1.642799973487854,1.815600037574768
2019-08-26,53.63999938964844,1.6165000200271606,1.7924000024795532
2019-08-27,54.93000030517578,1.649899959564209,1.8158999681472778
2019-08-28,55.779998779296875,1.6823999881744385,1.8509999513626099
2019-08-29,56.709999084472656,1.6847000122070312,1.8639999628067017
2019-08-30,55.099998474121094,1.6133999824523926,1.8281999826431274
2019-09-03,53.939998626708984,1.4704999923706055,1.8033000230789185
2019-09-04,56.2599983215332,1.5328999757766724,1.8802000284194946
2019-09-05,56.29999923706055,1.5460000038146973,1.8884999752044678
2019-09-06,56.52000045776367,1.5742000341415405,1.9003000259399414
2019-09-09,57.849998474121094,1.5845999717712402,1.9277000427246094
2019-09-10,57.400001525878906,1.5908000469207764,1.9312000274658203
2019-09-11,55.75,1.5699000358581543,1.9032000303268433
2019-09-12,55.09000015258789,1.5529999732971191,1.88510000705719
2019-09-13,54.849998474121094,1.5530999898910522,1.8777999877929688
2019-09-16,62.900001525878906,1.7524000406265259,2.0838000774383545
2019-09-17,59.34000015258789,1.6750999689102173,1.9895999431610107
2019-09-18,58.11000061035156,1.6576999425888062,1.9732999801635742
2019-09-19,58.130001068115234,1.700700044631958,2.0048999786376953
2019-09-20,58.09000015258789,1.6784000396728516,1.986299991607666
2019-09-23,58.63999938964844,1.6837999820709229,1.996999979019165
2019-09-24,57.290000915527344,1.6542999744415283,1.9675999879837036
2019-09-25,56.4900016784668,1.6252000331878662,1.9538999795913696
2019-09-26,56.40999984741211,1.6612000465393066,1.9551000595092773
2019-09-27,55.90999984741211,1.6513999700546265,1.94159996509552
2019-09-30,54.06999969482422,1.6049000024795532,1.9055999517440796
2019-10-01,53.619998931884766,1.573699951171875,1.8984999656677246
2019-10-02,52.63999938964844,1.5455000400543213,1.8730000257492065
2019-10-03,52.45000076293945,1.555899977684021,1.8760000467300415
2019-10-04,52.810001373291016,1.5734000205993652,1.8945000171661377
2019-10-07,52.75,1.5693999528884888,1.9033000469207764
2019-10-08,52.630001068115234,1.580899953842163,1.910099983215332
2019-10-09,52.59000015258789,1.5871000289916992,1.9192999601364136
2019-10-10,53.54999923706055,1.6232999563217163,1.920799970626831
2019-10-11,54.70000076293945,1.638800024986267,1.9575999975204468
2019-10-14,53.59000015258789,1.6131999492645264,1.9150999784469604
2019-10-15,52.810001373291016,1.614400029182434,1.909999966621399
2019-10-16,53.36000061035156,1.6247999668121338,1.9426000118255615
2019-10-17,53.93000030517578,1.622499942779541,1.948099970817566
2019-10-18,53.779998779296875,1.6230000257492065,1.947100043296814
2019-10-21,53.310001373291016,1.607200026512146,1.940600037574768
2019-10-22,54.15999984741211,1.6088999509811401,1.9436999559402466
2019-10-23,55.970001220703125,1.651900053024292,1.9643000364303589
2019-10-24,56.22999954223633,1.6632000207901,1.986299991607666
2019-10-25,56.65999984741211,1.6729999780654907,1.979599952697754
2019-10-28,55.810001373291016,1.6727999448776245,1.9617999792099
2019-10-29,55.540000915527344,1.6857000589370728,1.9563000202178955
2019-10-30,55.060001373291016,1.6644999980926514,1.913599967956543
2019-10-31,54.18000030517578,1.6311999559402466,1.878000020980835
2019-11-01,56.20000076293945,1.6556999683380127,1.9330999851226807
2019-11-04,56.540000915527344,1.663699984550476,1.940500020980835
2019-11-05,57.22999954223633,1.6746000051498413,1.9565999507904053
2019-11-06,56.349998474121094,1.6261999607086182,1.9278000593185425
2019-11-07,57.150001525878906,1.6354999542236328,1.920300006866455
2019-11-08,57.2400016784668,1.6337000131607056,1.9180999994277954
2019-11-11,56.86000061035156,1.6098999977111816,1.914199948310852
2019-11-12,56.79999923706055,1.614400029182434,1.8976000547409058
2019-11-13,57.119998931884766,1.6365000009536743,1.912500023841858
2019-11-14,56.77000045776367,1.6158000230789185,1.9178999662399292
2019-11-15,57.720001220703125,1.6349999904632568,1.9479999542236328
2019-11-18,57.04999923706055,1.621000051498413,1.9047000408172607
2019-11-19,55.209999084472656,1.603700041770935,1.8573999404907227
2019-11-20,57.11000061035156,1.6562999486923218,1.8920999765396118
2019-11-21,58.58000183105469,1.7043999433517456,1.944700002670288
2019-11-22,57.77000045776367,1.674299955368042,1.9293999671936035
2019-11-25,58.0099983215332,1.6748000383377075,1.9443000555038452
2019-11-26,58.40999984741211,1.704699993133545,1.9606000185012817
2019-11-27,58.11000061035156,1.6792000532150269,1.9464999437332153
2019-11-29,55.16999816894531,1.597000002861023,1.8789000511169434
2019-12-02,55.959999084472656,1.5733000040054321,1.8860000371932983
2019-12-03,56.099998474121094,1.5628999471664429,1.8798999786376953
2019-12-04,58.43000030517578,1.604200005531311,1.9228999614715576
2019-12-05,58.43000030517578,1.6210999488830566,1.9329999685287476
2019-12-06,59.20000076293945,1.6474000215530396,1.9521000385284424
2019-12-09,59.02000045776367,1.6548000574111938,1.944200038909912
2019-12-10,59.2400016784668,1.652500033378601,1.965499997138977
2019-12-11,58.7599983215332,1.626099944114685,1.9287999868392944
2019-12-12,59.18000030517578,1.6282999515533447,1.9507999420166016
2019-12-13,60.06999969482422,1.6632000207901,1.9864000082015991
2019-12-16,60.209999084472656,1.6627000570297241,2.004499912261963
2019-12-17,60.939998626708984,1.6857000589370728,2.033400058746338
2019-12-18,60.93000030517578,1.6837999820709229,2.0202999114990234
2019-12-19,61.220001220703125,1.7067999839782715,2.0295000076293945
2019-12-20,60.439998626708984,1.7058000564575195,2.0218000411987305
2019-12-23,60.52000045776367,1.7051000595092773,2.022200107574463
2019-12-24,61.11000061035156,1.7269999980926514,2.03629994392395
2019-12-26,61.68000030517578,1.7537000179290771,2.0520999431610107
2019-12-27,61.720001220703125,1.7473000288009644,2.0495998859405518
2019-12-30,61.68000030517578,1.7282999753952026,2.040600061416626
2019-12-31,61.060001373291016,1.6978000402450562,2.0283000469207764
2020-01-02,61.18000030517578,1.704200029373169,2.0241000652313232
2020-01-03,63.04999923706055,1.7488000392913818,2.0613999366760254
2020-01-06,63.27000045776367,1.7544000148773193,2.033900022506714
2020-01-07,62.70000076293945,1.7222000360488892,2.032399892807007
2020-01-08,59.61000061035156,1.648800015449524,1.9581999778747559
2020-01-09,59.560001373291016,1.6526999473571777,1.9500999450683594
2020-01-10,59.040000915527344,1.659600019454956,1.9284000396728516
2020-01-13,58.08000183105469,1.6572999954223633,1.8980000019073486
2020-01-14,58.22999954223633,1.6543999910354614,1.9103000164031982
2020-01-15,57.810001373291016,1.6368000507354736,1.8779000043869019
2020-01-16,58.52000045776367,1.6548000574111938,1.8600000143051147
2020-01-17,58.540000915527344,1.6405999660491943,1.8592000007629395
2020-01-21,58.34000015258789,1.6365000009536743,1.829200029373169
2020-01-22,56.7400016784668,1.5795999765396118,1.8001999855041504
2020-01-23,55.59000015258789,1.5601999759674072,1.791599988937378
2020-01-24,54.189998626708984,1.5152000188827515,1.7339999675750732
2020-01-27,53.13999938964844,1.4839999675750732,1.6794999837875366
2020-01-28,53.47999954223633,1.5032000541687012,1.71589994430542
2020-01-29,53.33000183105469,1.5307999849319458,1.7035000324249268
2020-01-30,52.13999938964844,1.4937000274658203,1.6396000385284424
2020-01-31,51.560001373291016,1.488700032234192,1.624500036239624
2020-02-03,50.11000061035156,1.4737000465393066,1.5779000520706177
2020-02-04,49.61000061035156,1.4431999921798706,1.583899974822998
2020-02-05,50.75,1.486299991607666,1.645400047302246
2020-02-06,50.95000076293945,1.4980000257492065,1.6654000282287598
2020-02-07,50.31999969482422,1.523900032043457,1.6433000564575195
2020-02-10,49.56999969482422,1.521299958229065,1.6124999523162842
2020-02-11,49.939998626708984,1.51419997215271,1.6267000436782837
2020-02-12,51.16999816894531,1.5809999704360962,1.6756999492645264
2020-02-13,51.41999816894531,1.580199956893921,1.6805000305175781
2020-02-14,52.04999923706055,1.583299994468689,1.698199987411499
2020-02-18,52.04999923706055,1.614799976348877,1.6723999977111816
2020-02-19,53.290000915527344,1.6633000373840332,1.7067999839782715
2020-02-20,53.779998779296875,1.669700026512146,1.69760000705719
2020-02-21,53.380001068115234,1.6505999565124512,1.6865999698638916
2020-02-24,51.43000030517578,1.6090999841690063,1.6131999492645264
2020-02-25,49.900001525878906,1.5324000120162964,1.56850004196167
2020-02-26,48.72999954223633,1.4549000263214111,1.499400019645691
2020-02-27,47.09000015258789,1.410599946975708,1.4891999959945679
2020-02-28,44.7599983215332,1.3954999446868896,1.4905999898910522
2020-03-02,46.75,1.5396000146865845,1.5286999940872192
2020-03-03,47.18000030517578,1.5312999486923218,1.5329999923706055
2020-03-04,46.779998779296875,1.5555000305175781,1.5332000255584717
2020-03-05,45.900001525878906,1.5218000411987305,1.4884999990463257
2020-03-06,41.279998779296875,1.3890000581741333,1.385200023651123
2020-03-09,31.1299991607666,1.1368999481201172,1.1628999710083008
2020-03-10,34.36000061035156,1.157099962234497,1.249899983406067
2020-03-11,32.97999954223633,1.1102999448776245,1.2380000352859497
2020-03-12,31.5,0.8974999785423279,1.1598000526428223
2020-03-13,31.729999542236328,0.8992000222206116,1.1374000310897827
2020-03-16,28.700000762939453,0.6898999810218811,1.0465999841690063
2020-03-17,26.950000762939453,0.7113999724388123,1.0356999635696411
2020-03-18,20.3700008392334,0.6377000212669373,0.954200029373169
2020-03-19,25.219999313354492,0.6850000023841858,1.041700005531311
2020-03-20,22.43000030517578,0.605400025844574,1.0062999725341797
2020-03-23,23.360000610351562,0.41179999709129333,1.0161000490188599
2020-03-24,24.010000228881836,0.44369998574256897,1.080299973487854
2020-03-25,24.489999771118164,0.5468000173568726,1.0978000164031982
2020-03-26,22.600000381469727,0.5437999963760376,1.0503000020980835
2020-03-27,21.510000228881836,0.5737000107765198,1.06850004196167
2020-03-30,20.09000015258789,0.5855000019073486,1.0194000005722046
2020-03-31,20.479999542236328,0.573199987411499,1.0120999813079834
2020-04-01,20.309999465942383,0.546500027179718,0.9322999715805054
2020-04-02,25.31999969482422,0.6628000140190125,0.9951000213623047
2020-04-03,28.34000015258789,0.6916000247001648,1.0706000328063965
2020-04-06,26.079999923706055,0.7016000151634216,1.045699954032898
2020-04-07,23.6299991607666,0.6481999754905701,1.027500033378601
2020-04-08,25.09000015258789,0.6779999732971191,1.010699987411499
2020-04-09,22.760000228881836,0.677299976348877,0.972599983215332
2020-04-13,22.40999984741211,0.7032999992370605,0.9945999979972839
2020-04-14,20.110000610351562,0.7200000286102295,0.9441999793052673
2020-04-15,19.8700008392334,0.7203999757766724,0.9138000011444092
2020-04-16,19.8700008392334,0.7050999999046326,0.9463000297546387
2020-04-17,18.270000457763672,0.7106999754905701,0.9563000202178955
2020-04-20,-37.630001068115234,0.6682999730110168,0.8877999782562256
2020-04-21,10.010000228881836,0.5102999806404114,0.7268999814987183
2020-04-22,13.779999732971191,0.6384000182151794,0.7311000227928162
2020-04-23,16.5,0.6435999870300293,0.734499990940094
2020-04-24,16.940000534057617,0.6611999869346619,0.6467000246047974
2020-04-27,12.779999732971191,0.6482999920845032,0.6104000210762024
2020-04-28,12.34000015258789,0.6672000288963318,0.6308000087738037
2020-04-29,15.0600004196167,0.7271999716758728,0.6945000290870667
2020-04-30,18.84000015258789,0.6977999806404114,0.7318999767303467
2020-05-01,19.780000686645508,0.7663000226020813,0.7961000204086304
2020-05-04,20.389999389648438,0.8215000033378601,0.8030999898910522
2020-05-05,24.559999465942383,0.9013000130653381,0.8960000276565552
2020-05-06,23.989999771118164,0.8769000172615051,0.8240000009536743
2020-05-07,23.549999237060547,0.9314000010490417,0.8371000289916992
2020-05-08,24.739999771118164,0.9521999955177307,0.8992999792098999
2020-05-11,24.139999389648438,0.9241999983787537,0.8687000274658203
2020-05-12,25.780000686645508,0.9185000061988831,0.8384000062942505
2020-05-13,25.290000915527344,0.8526999950408936,0.8313999772071838
2020-05-14,27.559999465942383,0.9144999980926514,0.8948000073432922
2020-05-15,29.43000030517578,0.9702000021934509,0.9204000234603882
2020-05-18,31.81999969482422,1.0257999897003174,1.0063999891281128
2020-05-19,32.5,1.045199990272522,0.9735999703407288
2020-05-20,33.4900016784668,1.0437999963760376,0.9905999898910522
2020-05-21,33.91999816894531,1.0450999736785889,0.9890000224113464
2020-05-22,33.25,1.0382000207901,0.9819999933242798
2020-05-26,34.349998474121094,1.0489000082015991,0.9908000230789185
2020-05-27,32.810001373291016,0.9933000206947327,0.972100019454956
2020-05-28,33.709999084472656,0.9984999895095825,0.925599992275238
2020-05-29,35.4900016784668,1.0259000062942505,0.9646999835968018
2020-06-01,35.439998626708984,1.0666999816894531,1.0290000438690186
2020-06-02,36.810001373291016,1.118299961090088,1.0921000242233276
2020-06-03,37.290000915527344,1.1193000078201294,1.0645999908447266
2020-06-04,37.40999984741211,1.1490000486373901,1.0741000175476074
2020-06-05,39.54999923706055,1.2136000394821167,1.1505999565124512
2020-06-08,38.189998626708984,1.1950000524520874,1.1212999820709229
2020-06-09,38.939998626708984,1.2102999687194824,1.1547000408172607
2020-06-10,39.599998474121094,1.2099000215530396,1.1729999780654907
2020-06-11,36.34000015258789,1.1188000440597534,1.0880000591278076
2020-06-12,36.2599983215332,1.1243000030517578,1.1014000177383423
2020-06-15,37.119998931884766,1.1656999588012695,1.1369999647140503
2020-06-16,38.380001068115234,1.2072999477386475,1.1821999549865723
2020-06-17,37.959999084472656,1.2152999639511108,1.1820000410079956
2020-06-18,38.84000015258789,1.257699966430664,1.1986000537872314
2020-06-19,39.75,1.2716000080108643,1.211400032043457
2020-06-22,40.459999084472656,1.2913000583648682,1.2186000347137451
2020-06-23,40.369998931884766,1.299399971961975,1.2029999494552612
2020-06-24,38.0099983215332,1.1964000463485718,1.1507999897003174
2020-06-25,38.720001220703125,1.194200038909912,1.1555999517440796
2020-06-26,38.4900016784668,1.1533000469207764,1.136299967765808
2020-06-29,39.70000076293945,1.1841000318527222,1.1654000282287598
2020-06-30,39.27000045776367,1.2000999450683594,1.1780999898910522
2020-07-01,39.81999969482422,1.2168999910354614,1.1995999813079834
2020-07-02,40.650001525878906,1.2591999769210815,1.2310999631881714
2020-07-06,40.630001068115234,1.2408000230789185,1.2417000532150269
2020-07-07,40.619998931884766,1.274999976158142,1.243299961090088
2020-07-08,40.900001525878906,1.2908999919891357,1.2344000339508057
2020-07-09,39.619998931884766,1.250499963760376,1.2238999605178833
2020-07-10,40.54999923706055,1.2831000089645386,1.2411999702453613
2020-07-13,40.099998474121094,1.2733999490737915,1.2235000133514404
2020-07-14,40.290000915527344,1.2474000453948975,1.2208000421524048
2020-07-15,41.20000076293945,1.2645000219345093,1.2447999715805054
2020-07-16,40.75,1.2338999509811401,1.2279000282287598
2020-07-17,40.59000015258789,1.2244999408721924,1.219099998474121
2020-07-20,40.810001373291016,1.2285000085830688,1.2354999780654907
2020-07-21,41.959999084472656,1.2797000408172607,1.2799999713897705
2020-07-22,41.900001525878906,1.2827999591827393,1.2706999778747559
2020-07-23,41.06999969482422,1.2585999965667725,1.25409996509552
2020-07-24,41.290000915527344,1.2848000526428223,1.2562999725341797
2020-07-27,41.599998474121094,1.2747000455856323,1.25409996509552
2020-07-28,41.040000915527344,1.2655999660491943,1.2421000003814697
2020-07-29,41.27000045776367,1.2415000200271606,1.2532999515533447
2020-07-30,39.91999816894531,1.2203999757766724,1.211899995803833
2020-07-31,40.27000045776367,1.1871000528335571,1.2171000242233276
2020-08-03,41.0099983215332,1.2130999565124512,1.2409000396728516
2020-08-04,41.70000076293945,1.2143000364303589,1.2583999633789062
2020-08-05,42.189998626708984,1.2228000164031982,1.263100028038025
2020-08-06,41.95000076293945,1.2280999422073364,1.249899983406067
2020-08-07,41.220001220703125,1.2075999975204468,1.2199000120162964
2020-08-10,41.939998626708984,1.2293000221252441,1.236899971961975
2020-08-11,41.61000061035156,1.2044999599456787,1.2383999824523926
2020-08-12,42.66999816894531,1.2438000440597534,1.257200002670288
2020-08-13,42.2400016784668,1.2347999811172485,1.2381000518798828
2020-08-14,42.0099983215332,1.2446000576019287,1.2367000579833984
2020-08-17,42.88999938964844,1.2699999809265137,1.2390999794006348
2020-08-18,42.88999938964844,1.2829999923706055,1.2604000568389893
2020-08-19,42.93000030517578,1.2905000448226929,1.2510000467300415
2020-08-20,42.58000183105469,1.2964999675750732,1.2467000484466553
2020-08-21,42.34000015258789,1.28410005569458,1.2079999446868896
2020-08-24,42.619998931884766,1.3671000003814697,1.2475999593734741
2020-08-25,43.349998474121094,1.395900011062622,1.26010000705719
2020-08-26,43.38999938964844,1.3605999946594238,1.2446999549865723
2020-08-27,43.040000915527344,1.284500002861023,1.2107000350952148
2020-08-28,42.970001220703125,1.315500020980835,1.2161999940872192
2020-08-31,42.61000061035156,1.2761000394821167,1.1960999965667725
2020-09-01,42.7599983215332,1.2246999740600586,1.2308000326156616
2020-09-02,41.5099983215332,1.2020000219345093,1.1885000467300415
2020-09-03,41.369998931884766,1.2049000263214111,1.1677000522613525
2020-09-04,39.77000045776367,1.1771999597549438,1.1514999866485596
2020-09-08,36.7599983215332,1.1028000116348267,1.076799988746643
2020-09-09,38.04999923706055,1.1193000078201294,1.1060999631881714
2020-09-10,37.29999923706055,1.0976999998092651,1.0823999643325806
2020-09-11,37.33000183105469,1.0949000120162964,1.0895999670028687
2020-09-14,37.2599983215332,1.1067999601364136,1.093400001525879
2020-09-15,38.279998779296875,1.138100028038025,1.0993000268936157
2020-09-16,40.15999984741211,1.1888999938964844,1.1162999868392944
2020-09-17,40.970001220703125,1.2244000434875488,1.1598000526428223
2020-09-18,41.11000061035156,1.2366000413894653,1.159000039100647
2020-09-21,39.310001373291016,1.1770999431610107,1.107300043106079
2020-09-22,39.599998474121094,1.1642999649047852,1.0960999727249146
2020-09-23,39.93000030517578,1.1813000440597534,1.1074999570846558
2020-09-24,40.310001373291016,1.1957000494003296,1.1167000532150269
2020-09-25,40.25,1.2142000198364258,1.1261999607086182
2020-09-28,40.599998474121094,1.2466000318527222,1.1395000219345093
2020-09-29,39.290000915527344,1.20169997215271,1.1089999675750732
2020-09-30,40.220001220703125,1.2007999420166016,1.145400047302246
2020-10-01,38.720001220703125,1.152400016784668,1.125
2020-10-02,37.04999923706055,1.1234999895095825,1.0850000381469727
2020-10-05,39.220001220703125,1.194100022315979,1.1332999467849731
2020-10-06,40.66999816894531,1.2351000308990479,1.188599944114685
2020-10-07,39.95000076293945,1.2008999586105347,1.1607999801635742
2020-10-08,41.189998626708984,1.231600046157837,1.1922999620437622
2020-10-09,40.599998474121094,1.2031999826431274,1.1933000087738037
2020-10-12,39.43000030517578,1.1756999492645264,1.157099962234497
2020-10-13,40.20000076293945,1.1827000379562378,1.1690000295639038
2020-10-14,41.040000915527344,1.197100043296814,1.1924999952316284
2020-10-15,40.959999084472656,1.1799999475479126,1.1886999607086182
2020-10-16,40.880001068115234,1.1687999963760376,1.1791000366210938
2020-10-19,40.83000183105469,1.1622999906539917,1.1581000089645386
2020-10-20,41.459999084472656,1.1878999471664429,1.1734999418258667
2020-10-21,40.029998779296875,1.1403000354766846,1.1398999691009521
2020-10-22,40.63999938964844,1.1581000089645386,1.1606999635696411
2020-10-23,39.849998474121094,1.1389000415802002,1.1512999534606934
2020-10-26,38.560001373291016,1.1116000413894653,1.1217999458312988
2020-10-27,39.56999969482422,1.143399953842163,1.1576999425888062
2020-10-28,37.38999938964844,1.0814000368118286,1.1141999959945679
2020-10-29,36.16999816894531,1.0514999628067017,1.0884000062942505
2020-10-30,35.790000915527344,1.0494999885559082,1.0813000202178955
2020-11-02,36.810001373291016,1.0520000457763672,1.1123000383377075
2020-11-03,37.65999984741211,1.0769000053405762,1.1270999908447266
2020-11-04,39.150001525878906,1.1081000566482544,1.1734999418258667
2020-11-05,38.790000915527344,1.1159000396728516,1.169600009918213
2020-11-06,37.13999938964844,1.0844000577926636,1.1426000595092773
2020-11-09,40.290000915527344,1.1606999635696411,1.2166999578475952
2020-11-10,41.36000061035156,1.194100022315979,1.252500057220459
2020-11-11,41.45000076293945,1.1758999824523926,1.2458000183105469
2020-11-12,41.119998931884766,1.157099962234497,1.233299970626831
2020-11-13,40.130001068115234,1.1253999471664429,1.204200029373169
2020-11-16,41.34000015258789,1.1468000411987305,1.2288999557495117
2020-11-17,41.43000030517578,1.1532000303268433,1.2390999794006348
2020-11-18,41.81999969482422,1.1628999710083008,1.2640000581741333
2020-11-19,41.7400016784668,1.162500023841858,1.2706999778747559
2020-11-20,42.150001525878906,1.1751999855041504,1.2862999439239502
2020-11-23,43.060001373291016,1.2039999961853027,1.3105000257492065
2020-11-24,44.90999984741211,1.2582000494003296,1.3595000505447388
2020-11-25,45.709999084472656,1.287500023841858,1.3866000175476074
2020-11-27,45.529998779296875,1.281999945640564,1.3804999589920044
2020-11-30,45.34000015258789,1.248900055885315,1.3559000492095947
2020-12-01,44.54999923706055,1.2203999757766724,1.3473000526428223
2020-12-02,45.279998779296875,1.23989999294281,1.3661999702453613
2020-12-03,45.63999938964844,1.2617000341415405,1.3933000564575195
2020-12-04,46.2599983215332,1.2684999704360962,1.402999997138977
2020-12-07,45.7599983215332,1.2558000087738037,1.3991999626159668
2020-12-08,45.599998474121094,1.2559000253677368,1.4067000150680542
2020-12-09,45.52000045776367,1.2759000062942505,1.398900032043457
2020-12-10,46.779998779296875,1.31659996509552,1.4357000589370728
2020-12-11,46.56999969482422,1.3077000379562378,1.436900019645691
2020-12-14,46.9900016784668,1.319100022315979,1.4543999433517456
2020-12-15,47.619998931884766,1.326799988746643,1.464400053024292
2020-12-16,47.81999969482422,1.3529000282287598,1.4779000282287598
2020-12-17,48.36000061035156,1.388100028038025,1.4952000379562378
2020-12-18,49.099998474121094,1.3955999612808228,1.5130000114440918
2020-12-21,47.7400016784668,1.3603999614715576,1.4773999452590942
2020-12-22,47.02000045776367,1.3394999504089355,1.4615999460220337
2020-12-23,48.119998931884766,1.3819999694824219,1.497499942779541
2020-12-24,48.22999954223633,1.3789000511169434,1.4900000095367432
2020-12-28,47.619998931884766,1.3676999807357788,1.4789999723434448
2020-12-29,48.0,1.3878999948501587,1.486799955368042
2020-12-30,48.400001525878906,1.4119999408721924,1.489799976348877
2020-12-31,48.52000045776367,1.408400058746338,1.4763000011444092
2021-01-04,47.619998931884766,1.3729000091552734,1.4620000123977661
2021-01-05,49.93000030517578,1.4521000385284424,1.5189000368118286
2021-01-06,50.630001068115234,1.475000023841858,1.5286999940872192
2021-01-07,50.83000183105469,1.482699990272522,1.538100004196167
2021-01-08,52.2400016784668,1.5422999858856201,1.5794999599456787
2021-01-11,52.25,1.520799994468689,1.5735000371932983
2021-01-12,53.209999084472656,1.5529999732971191,1.5966999530792236
2021-01-13,52.90999984741211,1.548799991607666,1.5988999605178833
2021-01-14,53.56999969482422,1.5539000034332275,1.6194000244140625
2021-01-15,52.36000061035156,1.52839994430542,1.592900037765503
2021-01-19,52.97999954223633,1.538100004196167,1.5987000465393066
2021-01-20,53.2400016784668,1.5439000129699707,1.6003999710083008
2021-01-21,53.130001068115234,1.5478999614715576,1.600600004196167
2021-01-22,52.27000045776367,1.548699975013733,1.5759999752044678
2021-01-25,52.77000045776367,1.5611000061035156,1.5938999652862549
2021-01-26,52.61000061035156,1.5807000398635864,1.5983999967575073
2021-01-27,52.849998474121094,1.5771000385284424,1.6088999509811401
2021-01-28,52.34000015258789,1.582900047302246,1.601699948310852
2021-01-29,52.20000076293945,1.5724999904632568,1.6003999710083008
2021-02-01,53.54999923706055,1.5901000499725342,1.6469000577926636
2021-02-02,54.7599983215332,1.6160000562667847,1.6746000051498413
2021-02-03,55.689998626708984,1.6485999822616577,1.690500020980835
2021-02-04,56.22999954223633,1.6447999477386475,1.7005000114440918
2021-02-05,56.849998474121094,1.6492999792099,1.7137000560760498
2021-02-08,57.970001220703125,1.6748000383377075,1.7477999925613403
2021-02-09,58.36000061035156,1.6735999584197998,1.756700038909912
2021-02-10,58.68000030517578,1.65339994430542,1.7610000371932983
2021-02-11,58.2400016784668,1.6502000093460083,1.7446000576019287
2021-02-12,59.470001220703125,1.6924999952316284,1.771399974822998
2021-02-16,60.04999923706055,1.7728999853134155,1.8143999576568604
2021-02-17,61.13999938964844,1.8105000257492065,1.8377000093460083
2021-02-18,60.52000045776367,1.7942999601364136,1.836400032043457
2021-02-19,59.2400016784668,1.8069000244140625,1.8229000568389893
2021-02-22,61.4900016784668,1.8416999578475952,1.8586000204086304
2021-02-23,61.66999816894531,1.8586000204086304,1.8680000305175781
2021-02-24,63.220001220703125,1.8955999612808228,1.9083000421524048
2021-02-25,63.529998779296875,1.892300009727478,1.906599998474121
2021-02-26,61.5,1.8769999742507935,1.8565000295639038
2021-03-01,60.63999938964844,1.9428999423980713,1.819200038909912
2021-03-02,59.75,1.936400055885315,1.8080999851226807
2021-03-03,61.279998779296875,1.951799988746643,1.8357000350952148
2021-03-04,63.83000183105469,1.9979000091552734,1.8960000276565552
2021-03-05,66.08999633789062,2.06469988822937,1.944000005722046
2021-03-08,65.05000305175781,2.0487000942230225,1.9084999561309814
2021-03-09,64.01000213623047,2.0501999855041504,1.9072999954223633
2021-03-10,64.44000244140625,2.0794999599456787,1.9172999858856201
2021-03-11,66.0199966430664,2.138000011444092,1.9594000577926636
2021-03-12,65.61000061035156,2.1500000953674316,1.9674999713897705
2021-03-15,65.38999938964844,2.104599952697754,1.9488999843597412
2021-03-16,64.80000305175781,2.1012001037597656,1.9327000379562378
2021-03-17,64.5999984741211,2.047100067138672,1.9061000347137451
2021-03-18,60.0,1.944100022315979,1.7841999530792236
2021-03-19,61.41999816894531,1.9430999755859375,1.8222999572753906
2021-03-22,61.54999923706055,1.9598000049591064,1.829300045967102
2021-03-23,57.7599983215332,1.896399974822998,1.748900055885315
2021-03-24,61.18000030517578,1.9889999628067017,1.825600028038025
2021-03-25,58.560001373291016,1.9208999872207642,1.7477999925613403
2021-03-26,60.970001220703125,1.9673000574111938,1.809999942779541
2021-03-29,61.560001373291016,1.9952000379562378,1.8098000288009644
2021-03-30,60.54999923706055,1.9889999628067017,1.789199948310852
2021-03-31,59.15999984741211,1.9532999992370605,1.771299958229065
2021-04-01,61.45000076293945,2.0223000049591064,1.8315999507904053
2021-04-05,58.650001525878906,1.9610999822616577,1.7724000215530396
2021-04-06,59.33000183105469,1.9663000106811523,1.794100046157837
2021-04-07,59.77000045776367,1.951799988746643,1.8078999519348145
2021-04-08,59.599998474121094,1.9593000411987305,1.8098000288009644
2021-04-09,59.31999969482422,1.9621000289916992,1.8076000213623047
2021-04-12,59.70000076293945,1.9700000286102295,1.8079999685287476
2021-04-13,60.18000030517578,1.9757000207901,1.8144999742507935
2021-04-14,63.150001525878906,2.0355000495910645,1.8899999856948853
2021-04-15,63.459999084472656,2.051800012588501,1.898900032043457
2021-04-16,63.130001068115234,2.039900064468384,1.8956999778747559
2021-04-19,63.380001068115234,2.0445001125335693,1.8925000429153442
2021-04-20,62.439998626708984,2.017400026321411,1.8801000118255615
2021-04-21,61.349998474121094,1.9833999872207642,1.853700041770935
2021-04-22,61.43000030517578,1.9746999740600586,1.86080002784729
2021-04-23,62.13999938964844,1.9957000017166138,1.8734999895095825
2021-04-26,61.90999984741211,1.978600025177002,1.878499984741211
2021-04-27,62.939998626708984,2.020400047302246,1.9056999683380127
2021-04-28,63.86000061035156,2.072200059890747,1.938599944114685
2021-04-29,65.01000213623047,2.099900007247925,1.961400032043457
2021-04-30,63.58000183105469,2.0697999000549316,1.9211000204086304
2021-05-03,64.48999786376953,2.1015000343322754,1.9519000053405762
2021-05-04,65.69000244140625,2.15120005607605,1.9988000392913818
2021-05-05,65.62999725341797,2.1512999534606934,2.002500057220459
2021-05-06,64.70999908447266,2.1136999130249023,1.9895000457763672
2021-05-07,64.9000015258789,2.1268999576568604,2.0106000900268555
2021-05-10,64.91999816894531,2.1333999633789062,2.0165998935699463
2021-05-11,65.27999877929688,2.139899969100952,2.0416998863220215
2021-05-12,66.08000183105469,2.1610000133514404,2.069499969482422
2021-05-13,63.81999969482422,2.0952999591827393,2.0009000301361084
2021-05-14,65.37000274658203,2.1266000270843506,2.0362000465393066
2021-05-17,66.2699966430664,2.1582999229431152,2.0604000091552734
2021-05-18,65.48999786376953,2.160900115966797,2.0564000606536865
2021-05-19,63.36000061035156,2.1019999980926514,2.0071001052856445
2021-05-20,62.04999923706055,2.0471999645233154,1.964400053024292
2021-05-21,63.58000183105469,2.06850004196167,1.9881999492645264
2021-05-24,66.05000305175781,2.1177000999450684,2.0420000553131104
2021-05-25,66.06999969482422,2.117300033569336,2.035399913787842
2021-05-26,66.20999908447266,2.150099992752075,2.0452001094818115
2021-05-27,66.8499984741211,2.1517999172210693,2.0564000606536865
2021-05-28,66.31999969482422,2.140199899673462,2.0445001125335693
2021-06-01,67.72000122070312,2.1703999042510986,2.071500062942505
2021-06-02,68.83000183105469,2.1940999031066895,2.107100009918213
2021-06-03,68.80999755859375,2.2018001079559326,2.1017000675201416
2021-06-04,69.62000274658203,2.2114999294281006,2.1198999881744385
2021-06-07,69.2300033569336,2.1930999755859375,2.115600109100342
2021-06-08,70.05000305175781,2.2190001010894775,2.134999990463257
2021-06-09,69.95999908447266,2.202500104904175,2.129499912261963
2021-06-10,70.29000091552734,2.2121999263763428,2.143399953842163
2021-06-11,70.91000366210938,2.1861000061035156,2.120699882507324
2021-06-14,70.87999725341797,2.1712000370025635,2.111599922180176
2021-06-15,72.12000274658203,2.1705000400543213,2.112299919128418
2021-06-16,72.1500015258789,2.1561999320983887,2.1033999919891357
2021-06-17,71.04000091552734,2.134200096130371,2.066800117492676
2021-06-18,71.63999938964844,2.168299913406372,2.0931999683380127
2021-06-21,73.66000366210938,2.196899890899658,2.126800060272217
2021-06-22,73.05999755859375,2.224299907684326,2.1510000228881836
2021-06-23,73.08000183105469,2.266900062561035,2.15939998626709
2021-06-24,73.30000305175781,2.280900001525879,2.1623001098632812
2021-06-25,74.05000305175781,2.2639000415802,2.1493000984191895
2021-06-28,72.91000366210938,2.216599941253662,2.1182000637054443
2021-06-29,72.9800033569336,2.239000082015991,2.1219000816345215
2021-06-30,73.47000122070312,2.2444000244140625,2.128700017929077
2021-07-01,75.2300033569336,2.2676000595092773,2.1561999320983887
2021-07-02,75.16000366210938,2.299799919128418,2.1791000366210938
2021-07-06,73.37000274658203,2.2281999588012695,2.1048998832702637
2021-07-07,72.19999694824219,2.2060000896453857,2.089099884033203
2021-07-08,72.94000244140625,2.255199909210205,2.1203999519348145
2021-07-09,74.55999755859375,2.2920000553131104,2.1552000045776367
2021-07-12,74.0999984741211,2.2771999835968018,2.1498000621795654
2021-07-13,75.25,2.3183000087738037,2.1844000816345215
2021-07-14,73.12999725341797,2.2934999465942383,2.1435000896453857
2021-07-15,71.6500015258789,2.2502999305725098,2.112600088119507
2021-07-16,71.80999755859375,2.2535998821258545,2.113300085067749
2021-07-19,66.41999816894531,2.1103999614715576,1.985200047492981
2021-07-20,67.41999816894531,2.131500005722046,2.012700080871582
2021-07-21,70.30000305175781,2.2167000770568848,2.0869998931884766
2021-07-22,71.91000366210938,2.273200035095215,2.1326000690460205
2021-07-23,72.06999969482422,2.291300058364868,2.1338999271392822
2021-07-26,71.91000366210938,2.308300018310547,2.1510000228881836
2021-07-27,71.6500015258789,2.3141000270843506,2.143899917602539
2021-07-28,72.38999938964844,2.308199882507324,2.1559998989105225
2021-07-29,73.62000274658203,2.3513998985290527,2.1893999576568604
2021-07-30,73.94999694824219,2.3659000396728516,2.199399948120117
2021-08-02,71.26000213623047,2.2746999263763428,2.1357998847961426
2021-08-03,70.55999755859375,2.2708001136779785,2.1263999938964844
2021-08-04,68.1500015258789,2.25,2.0741000175476074
2021-08-05,69.08999633789062,2.2939999103546143,2.1059999465942383
2021-08-06,68.27999877929688,2.2569000720977783,2.0845000743865967
2021-08-09,66.4800033569336,2.234800100326538,2.042099952697754
2021-08-10,68.29000091552734,2.267899990081787,2.080199956893921
2021-08-11,69.25,2.3022000789642334,2.105799913406372
2021-08-12,69.08999633789062,2.275399923324585,2.1038999557495117
2021-08-13,68.44000244140625,2.2625999450683594,2.077899932861328
2021-08-16,67.29000091552734,2.200900077819824,2.04830002784729
2021-08-17,66.58999633789062,2.165600061416626,2.036099910736084
2021-08-18,65.45999908447266,2.147700071334839,2.021199941635132
2021-08-19,63.689998626708984,2.0815000534057617,1.968999981880188
2021-08-20,62.31999969482422,2.0236001014709473,1.9082000255584717
2021-08-23,65.63999938964844,2.123199939727783,2.0051000118255615
2021-08-24,67.54000091552734,2.180799961090088,2.066800117492676
2021-08-25,68.36000061035156,2.300800085067749,2.1182000637054443
2021-08-26,67.41999816894531,2.2553999423980713,2.083199977874756
2021-08-27,68.73999786376953,2.274199962615967,2.1092000007629395
2021-08-30,69.20999908447266,2.312700033187866,2.1403000354766846
2021-08-31,68.5,2.282599925994873,2.13100004196167
2021-09-01,68.58999633789062,2.1108999252319336,2.1289000511169434
2021-09-02,69.98999786376953,2.1635000705718994,2.1677000522613525
2021-09-03,69.29000091552734,2.1540000438690186,2.15939998626709
2021-09-07,68.3499984741211,2.130000114440918,2.1215999126434326
2021-09-08,69.30000305175781,2.1321001052856445,2.136399984359741
2021-09-09,68.13999938964844,2.0996999740600586,2.1136999130249023
2021-09-10,69.72000122070312,2.1540000438690186,2.1459999084472656
2021-09-13,70.44999694824219,2.160900115966797,2.1582999229431152
2021-09-14,70.45999908447266,2.1723999977111816,2.16129994392395
2021-09-15,72.61000061035156,2.2065999507904053,2.2053000926971436
2021-09-16,72.61000061035156,2.1812000274658203,2.2109999656677246
2021-09-17,71.97000122070312,2.171299934387207,2.2091000080108643
2021-09-20,70.29000091552734,2.1152000427246094,2.1589999198913574
2021-09-21,70.55999755859375,2.1052000522613525,2.173799991607666
2021-09-22,72.2300033569336,2.1238999366760254,2.2116000652313232
2021-09-23,73.30000305175781,2.1714999675750732,2.2490999698638916
2021-09-24,73.9800033569336,2.1875,2.2671000957489014
2021-09-27,75.44999694824219,2.2237000465393066,2.2960000038146973
2021-09-28,75.29000091552734,2.201900005340576,2.2890000343322754
2021-09-29,74.83000183105469,2.229300022125244,2.307499885559082
2021-09-30,75.02999877929688,2.2535998821258545,2.3417000770568848
2021-10-01,75.87999725341797,2.25,2.382699966430664
2021-10-04,77.62000274658203,2.308500051498413,2.4365999698638916
2021-10-05,78.93000030517578,2.3578999042510986,2.4935998916625977
2021-10-06,77.43000030517578,2.308199882507324,2.441999912261963
2021-10-07,78.30000305175781,2.334399938583374,2.4595999717712402
2021-10-08,79.3499984741211,2.3661999702453613,2.4737000465393066
2021-10-11,80.5199966430664,2.3778998851776123,2.515000104904175
2021-10-12,80.63999938964844,2.3828999996185303,2.509999990463257
2021-10-13,80.44000244140625,2.4054999351501465,2.5211000442504883
2021-10-14,81.30999755859375,2.434999942779541,2.5613999366760254
2021-10-15,82.27999877929688,2.4863998889923096,2.573699951171875
2021-10-18,82.44000244140625,2.486599922180176,2.5492000579833984
2021-10-19,82.95999908447266,2.4755001068115234,2.560699939727783
2021-10-20,83.87000274658203,2.5083999633789062,2.5922999382019043
2021-10-21,82.5,2.48009991645813,2.549099922180176
2021-10-22,83.76000213623047,2.482100009918213,2.5388998985290527
2021-10-25,83.76000213623047,2.516200065612793,2.56469988822937
2021-10-26,84.6500015258789,2.5167999267578125,2.5773000717163086
2021-10-27,82.66000366210938,2.449700117111206,2.5148000717163086
2021-10-28,82.80999755859375,2.434999942779541,2.5164999961853027
2021-10-29,83.56999969482422,2.4619998931884766,2.4964001178741455
2021-11-01,84.05000305175781,2.4093000888824463,2.5030999183654785
2021-11-02,83.91000366210938,2.4500999450683594,2.50819993019104
2021-11-03,80.86000061035156,2.3385000228881836,2.434499979019165
2021-11-04,78.80999755859375,2.29259991645813,2.406599998474121
2021-11-05,81.2699966430664,2.3208999633789062,2.4556000232696533
2021-11-08,81.93000030517578,2.322200059890747,2.467099905014038
2021-11-09,84.1500015258789,2.375200033187866,2.5081000328063965
2021-11-10,81.33999633789062,2.2971999645233154,2.4521000385284424
2021-11-11,81.58999633789062,2.3178000450134277,2.4470999240875244
2021-11-12,80.79000091552734,2.3113999366760254,2.403700113296509
2021-11-15,80.87999725341797,2.3287999629974365,2.398099899291992
2021-11-16,80.76000213623047,2.3496999740600586,2.4309000968933105
2021-11-17,78.36000061035156,2.2802999019622803,2.3643999099731445
2021-11-18,79.01000213623047,2.294300079345703,2.384000062942505
2021-11-19,76.0999984741211,2.211899995803833,2.2934000492095947
2021-11-22,76.75,2.260200023651123,2.3254001140594482
2021-11-23,78.5,2.3371999263763428,2.3842999935150146
2021-11-24,78.38999938964844,2.319700002670288,2.382999897003174
2021-11-26,68.1500015258789,2.029400110244751,2.0945000648498535
2021-11-29,69.94999694824219,2.0771000385284424,2.152100086212158
2021-11-30,66.18000030517578,1.9801000356674194,2.063800096511841
2021-12-01,65.56999969482422,1.9510999917984009,2.0771000385284424
2021-12-02,66.5,1.9677000045776367,2.1033999919891357
2021-12-03,66.26000213623047,1.9529000520706177,2.098400115966797
2021-12-06,69.48999786376953,2.043299913406372,2.1712000370025635
2021-12-07,72.05000305175781,2.0999999046325684,2.224600076675415
2021-12-08,72.36000061035156,2.1484999656677246,2.2613000869750977
2021-12-09,70.94000244140625,2.1284000873565674,2.2502999305725098
2021-12-10,71.66999816894531,2.137200117111206,2.2516000270843506
2021-12-13,71.29000091552734,2.116499900817871,2.232800006866455
2021-12-14,70.7300033569336,2.11080002784729,2.218400001525879
2021-12-15,70.87000274658203,2.127500057220459,2.220400094985962
2021-12-16,72.37999725341797,2.177799940109253,2.2662999629974365
2021-12-17,70.86000061035156,2.1217000484466553,2.219899892807007
2021-12-20,68.2300033569336,2.0899999141693115,2.1730000972747803
2021-12-21,71.12000274658203,2.1521999835968018,2.2578001022338867
2021-12-22,72.76000213623047,2.1679999828338623,2.307800054550171
2021-12-23,73.79000091552734,2.2060999870300293,2.331399917602539
2021-12-27,75.56999969482422,2.2339000701904297,2.3534998893737793
2021-12-28,75.9800033569336,2.2471001148223877,2.3714001178741455
2021-12-29,76.55999755859375,2.271699905395508,2.3777999877929688
2021-12-30,76.98999786376953,2.296799898147583,2.395900011062622
2021-12-31,75.20999908447266,2.2284998893737793,2.3301000595092773
2022-01-03,76.08000183105469,2.256500005722046,2.3573999404907227
2022-01-04,76.98999786376953,2.2762999534606934,2.4094998836517334
2022-01-05,77.8499984741211,2.292099952697754,2.4460999965667725
2022-01-06,79.45999908447266,2.30430006980896,2.4776999950408936
2022-01-07,78.9000015258789,2.2988998889923096,2.481800079345703
2022-01-10,78.2300033569336,2.275399923324585,2.487600088119507
2022-01-11,81.22000122070312,2.3573999404907227,2.5636000633239746
2022-01-12,82.63999938964844,2.3907999992370605,2.5941998958587646
2022-01-13,82.12000274658203,2.3840999603271484,2.6085000038146973
2022-01-14,83.81999969482422,2.4189999103546143,2.6342999935150146
2022-01-18,85.43000030517578,2.43179988861084,2.6740000247955322
2022-01-19,86.95999908447266,2.4570000171661377,2.6923000812530518
2022-01-20,86.9000015258789,2.4621999263763428,2.671799898147583
2022-01-21,85.13999938964844,2.4423999786376953,2.691200017929077
2022-01-24,83.30999755859375,2.3980000019073486,2.6273999214172363
2022-01-25,85.5999984741211,2.4595000743865967,2.669100046157837
2022-01-26,87.3499984741211,2.522900104522705,2.74399995803833
2022-01-27,86.61000061035156,2.5209999084472656,2.7945001125335693
2022-01-28,86.81999969482422,2.54229998588562,2.7855000495910645
2022-01-31,88.1500015258789,2.55430006980896,2.759200096130371
2022-02-01,88.19999694824219,2.575200080871582,2.7411999702453613
2022-02-02,88.26000213623047,2.6070001125335693,2.768899917602539
2022-02-03,90.2699966430664,2.642699956893921,2.8394999504089355
2022-02-04,92.30999755859375,2.678499937057495,2.8750998973846436
2022-02-07,91.31999969482422,2.68530011177063,2.8554000854492188
2022-02-08,89.36000061035156,2.6250998973846436,2.79259991645813
2022-02-09,89.66000366210938,2.65339994430542,2.824899911880493
2022-02-10,89.87999725341797,2.6654000282287598,2.827199935913086
2022-02-11,93.0999984741211,2.738600015640259,2.910900115966797
2022-02-14,95.45999908447266,2.779400110244751,2.9618000984191895
2022-02-15,92.06999969482422,2.669100046157837,2.859499931335449
2022-02-16,93.66000366210938,2.6770999431610107,2.8575000762939453
2022-02-17,91.76000213623047,2.6486001014709473,2.7862000465393066
2022-02-18,91.06999969482422,2.669600009918213,2.7815001010894775
2022-02-22,92.3499984741211,2.7107999324798584,2.8187999725341797
2022-02-23,92.0999984741211,2.7253000736236572,2.829200029373169
2022-02-24,92.80999755859375,2.7709999084472656,2.896899938583374
2022-02-25,91.58999633789062,2.727299928665161,2.8494999408721924
2022-02-28,95.72000122070312,2.796999931335449,3.013400077819824
2022-03-01,103.41000366210938,3.08870005607605,3.151099920272827
2022-03-02,110.5999984741211,3.308300018310547,3.4946999549865723
2022-03-03,107.66999816894531,3.28439998626709,3.5034000873565674
2022-03-04,115.68000030517578,3.5439999103546143,3.7762999534606934
2022-03-07,119.4000015258789,3.5720999240875244,3.9214999675750732
2022-03-08,123.69999694824219,3.6826000213623047,4.437300205230713
2022-03-09,108.69999694824219,3.293800115585327,3.4642999172210693
2022-03-10,106.0199966430664,3.1566998958587646,3.2962000370025635
2022-03-11,109.33000183105469,3.3120999336242676,3.41759991645813
2022-03-14,103.01000213623047,3.1689000129699707,3.2762999534606934
2022-03-15,96.44000244140625,2.9981000423431396,3.0297000408172607
2022-03-16,95.04000091552734,2.987499952316284,3.100100040435791
2022-03-17,102.9800033569336,3.216599941253662,3.4874000549316406
2022-03-18,104.69999694824219,3.238800048828125,3.598099946975708
2022-03-21,112.12000274658203,3.3715999126434326,3.8008999824523926
2022-03-22,111.76000213623047,3.330699920654297,3.8642001152038574
2022-03-23,114.93000030517578,3.438699960708618,4.114799976348877
2022-03-24,112.33999633789062,3.389699935913086,4.15339994430542
2022-03-25,113.9000015258789,3.4700000286102295,4.11460018157959
2022-03-28,105.95999908447266,3.2188000679016113,3.783400058746338
2022-03-29,104.23999786376953,3.2032999992370605,3.716099977493286
2022-03-30,107.81999969482422,3.325000047683716,3.808500051498413
2022-03-31,100.27999877929688,3.1895999908447266,3.691200017929077
2022-04-01,99.2699966430664,3.1535000801086426,3.4240000247955322
2022-04-04,103.27999877929688,3.1981000900268555,3.546099901199341
2022-04-05,101.95999908447266,3.164900064468384,3.4681999683380127
2022-04-06,96.2300033569336,3.0462000370025635,3.3452000617980957
2022-04-07,96.02999877929688,3.039799928665161,3.2678000926971436
2022-04-08,98.26000213623047,3.1315999031066895,3.3176000118255615
2022-04-11,94.29000091552734,3.0030999183654785,3.267699956893921
2022-04-12,100.5999984741211,3.1538000106811523,3.464400053024292
2022-04-13,104.25,3.291300058364868,3.718400001525879
2022-04-14,106.94999694824219,3.3814001083374023,3.85479998588562
2022-04-18,108.20999908447266,3.3780999183654785,3.8907999992370605
2022-04-19,102.55999755859375,3.2474000453948975,3.8619000911712646
2022-04-20,102.75,3.2848000526428223,3.973099946975708
2022-04-21,103.79000091552734,3.338599920272827,3.9007999897003174
2022-04-22,102.06999969482422,3.305000066757202,3.9386000633239746
2022-04-25,98.54000091552734,3.239799976348877,4.09089994430542
2022-04-26,101.69999694824219,3.3387999534606934,4.467899799346924
2022-04-27,102.0199966430664,3.4560000896453857,4.674300193786621
2022-04-28,105.36000061035156,3.5034000873565674,5.13539981842041
2022-04-29,104.69000244140625,3.472100019454956,4.781700134277344
2022-05-02,105.16999816894531,3.5100998878479004,4.204899787902832
2022-05-03,102.41000366210938,3.501199960708618,4.082699775695801
2022-05-04,107.80999755859375,3.6522998809814453,4.197000026702881
2022-05-05,108.26000213623047,3.6586999893188477,4.041299819946289
2022-05-06,109.7699966430664,3.759000062942505,3.9542999267578125
2022-05-09,103.08999633789062,3.641900062561035,3.83489990234375
2022-05-10,99.76000213623047,3.5415000915527344,3.9321999549865723
2022-05-11,105.70999908447266,3.685499906539917,3.951200008392334
2022-05-12,106.12999725341797,3.7916998863220215,3.916100025177002
2022-05-13,110.48999786376953,3.9577999114990234,3.9212000370025635
2022-05-16,114.19999694824219,4.022900104522705,3.9075000286102295
2022-05-17,112.4000015258789,3.941699981689453,3.799299955368042
2022-05-18,109.58999633789062,3.720599889755249,3.668100118637085
2022-05-19,112.20999908447266,3.831700086593628,3.7920000553131104
2022-05-20,113.2300033569336,3.8369998931884766,3.7390999794006348
2022-05-23,110.29000091552734,3.7976999282836914,3.7688000202178955
2022-05-24,109.7699966430664,3.811000108718872,3.7818000316619873
2022-05-25,110.33000183105469,3.831700086593628,3.8664000034332275
2022-05-26,114.08999633789062,3.8773999214172363,3.9679999351501465
2022-05-27,115.06999969482422,4.0157999992370605,4.002900123596191
2022-05-31,114.66999816894531,4.080399990081787,4.09089994430542
2022-06-01,115.26000213623047,4.071599960327148,4.1433000564575195
2022-06-02,116.87000274658203,4.190899848937988,4.208399772644043
2022-06-03,118.87000274658203,4.252200126647949,4.280300140380859
2022-06-06,118.5,4.192999839782715,4.360099792480469
2022-06-07,119.41000366210938,4.157700061798096,4.3206000328063965
2022-06-08,122.11000061035156,4.22189998626709,4.314300060272217
2022-06-09,121.51000213623047,4.276199817657471,4.40369987487793
2022-06-10,120.66999816894531,4.1722002029418945,4.366700172424316
2022-06-13,120.93000030517578,4.035299777984619,4.283400058746338
2022-06-14,118.93000030517578,3.993799924850464,4.394000053405762
2022-06-15,115.30999755859375,3.894200086593628,4.546999931335449
2022-06-16,117.58999633789062,3.9558000564575195,4.571300029754639
2022-06-17,109.55999755859375,3.7929999828338623,4.339799880981445
2022-06-21,110.6500015258789,3.7945001125335693,4.358399868011475
2022-06-22,106.19000244140625,3.8341000080108643,4.404600143432617
2022-06-23,104.2699966430664,3.7655999660491943,4.337900161743164
2022-06-24,107.62000274658203,3.8847999572753906,4.3628997802734375
2022-06-27,109.56999969482422,3.8371999263763428,4.230199813842773
2022-06-28,111.76000213623047,3.9351000785827637,4.199399948120117
2022-06-29,109.77999877929688,3.8269999027252197,4.0366997718811035
2022-06-30,105.76000213623047,3.6498000621795654,3.898200035095215
2022-07-01,108.43000030517578,3.6877999305725098,3.9388999938964844
2022-07-05,99.5,3.3289999961853027,3.601599931716919
2022-07-06,98.52999877929688,3.236599922180176,3.410599946975708
2022-07-07,102.7300033569336,3.4203999042510986,3.6738998889923096
2022-07-08,104.79000091552734,3.4470999240875244,3.6728999614715576
2022-07-11,104.08999633789062,3.4621999263763428,3.7681000232696533
2022-07-12,95.83999633789062,3.2646000385284424,3.662600040435791
2022-07-13,96.30000305175781,3.2337000370025635,3.6658999919891357
2022-07-14,95.77999877929688,3.186800003051758,3.649399995803833
2022-07-15,97.58999633789062,3.213200092315674,3.6989998817443848
2022-07-18,102.5999984741211,3.2643001079559326,3.6554999351501465
2022-07-19,104.22000122070312,3.307499885559082,3.626800060272217
2022-07-20,102.26000213623047,3.275399923324585,3.604300022125244
2022-07-21,96.3499984741211,3.1494998931884766,3.5903000831604004
2022-07-22,94.69999694824219,3.2228000164031982,3.4556000232696533
2022-07-25,96.69999694824219,3.381999969482422,3.5165998935699463
2022-07-26,94.9800033569336,3.3550000190734863,3.583899974822998
2022-07-27,97.26000213623047,3.428800106048584,3.7172999382019043
2022-07-28,96.41999816894531,3.464600086212158,3.686300039291382
2022-07-29,98.62000274658203,3.488100051879883,3.6247000694274902
2022-08-01,93.88999938964844,2.9981000423431396,3.440000057220459
2022-08-02,94.41999816894531,3.0566999912261963,3.3803999423980713
2022-08-03,90.66000366210938,2.9121999740600586,3.414799928665161
2022-08-04,88.54000091552734,2.7934999465942383,3.3371999263763428
2022-08-05,89.01000213623047,2.855600118637085,3.21589994430542
2022-08-08,90.76000213623047,2.886199951171875,3.1791000366210938
2022-08-09,90.5,2.960200071334839,3.3338000774383545
2022-08-10,91.93000030517578,3.0703001022338867,3.4103000164031982
2022-08-11,94.33999633789062,3.071500062942505,3.4839999675750732
2022-08-12,92.08999633789062,3.0460000038146973,3.5178000926971436
2022-08-15,89.41000366210938,2.95169997215271,3.4402999877929688
2022-08-16,86.52999877929688,2.900700092315674,3.4802000522613525
2022-08-17,88.11000061035156,2.934499979019165,3.6173999309539795
2022-08-18,90.5,3.026099920272827,3.6496999263763428
2022-08-19,90.7699966430664,3.0174999237060547,3.700500011444092
2022-08-22,90.2300033569336,2.891200065612793,3.77620005607605
2022-08-23,93.73999786376953,2.933000087738037,3.841900110244751
2022-08-24,94.88999938964844,2.8006999492645264,4.013199806213379
2022-08-25,92.5199966430664,2.8120999336242676,3.9491000175476074
2022-08-26,93.05999755859375,2.851300001144409,4.007599830627441
2022-08-29,97.01000213623047,2.8775999546051025,3.909899950027466
2022-08-30,91.63999938964844,2.6944000720977783,3.8171000480651855
2022-08-31,89.55000305175781,2.6059000492095947,3.715399980545044
2022-09-01,86.61000061035156,2.3852999210357666,3.561199903488159
2022-09-02,86.87000274658203,2.463599920272827,3.578000068664551
2022-09-06,86.87999725341797,2.4158999919891357,3.5738000869750977
2022-09-07,81.94000244140625,2.3076999187469482,3.5859999656677246
2022-09-08,83.54000091552734,2.346100091934204,3.54010009765625
2022-09-09,86.79000091552734,2.4330999851226807,3.578700065612793
2022-09-12,87.77999877929688,2.4447999000549316,3.603100061416626
2022-09-13,87.30999755859375,2.4804000854492188,3.541300058364868
2022-09-14,88.4800033569336,2.5244998931884766,3.3789000511169434
2022-09-15,85.0999984741211,2.4286999702453613,3.205199956893921
2022-09-16,85.11000061035156,2.4156999588012695,3.172499895095825
2022-09-19,85.7300033569336,2.464099884033203,3.310800075531006
2022-09-20,84.44999694824219,2.4477999210357666,3.3722000122070312
2022-09-21,82.94000244140625,2.4865000247955322,3.3338000774383545
2022-09-22,83.48999786376953,2.515700101852417,3.4114999771118164
2022-09-23,78.73999786376953,2.382999897003174,3.2370998859405518
2022-09-26,76.70999908447266,2.384200096130371,3.1291000843048096
2022-09-27,78.5,2.4930999279022217,3.2599000930786133
2022-09-28,82.1500015258789,2.577899932861328,3.449399948120117
2022-09-29,81.2300033569336,2.5076000690460205,3.414599895477295
2022-09-30,79.48999786376953,2.472599983215332,3.36899995803833
2022-10-03,83.62999725341797,2.5129001140594482,3.3691000938415527
2022-10-04,86.5199966430664,2.683000087738037,3.535799980163574
2022-10-05,87.76000213623047,2.6684999465942383,3.6868999004364014
2022-10-06,88.44999694824219,2.6814000606536865,3.8649001121520996
2022-10-07,92.63999938964844,2.734600067138672,4.018700122833252
2022-10-10,91.12999725341797,2.62280011177063,3.9147000312805176
2022-10-11,89.3499984741211,2.6273000240325928,3.930799961090088
2022-10-12,87.2699966430664,2.6303000450134277,3.932800054550171
2022-10-13,89.11000061035156,2.703399896621704,4.094799995422363
2022-10-14,85.61000061035156,2.6308999061584473,3.9802000522613525
2022-10-17,85.45999908447266,2.593100070953369,4.08519983291626
2022-10-18,82.81999969482422,2.550600051879883,3.993499994277954
2022-10-19,85.55000305175781,2.6521999835968018,3.9042999744415283
2022-10-20,85.9800033569336,2.6477999687194824,3.7567999362945557
2022-10-21,85.05000305175781,2.6619999408721924,3.8322999477386475
2022-10-24,84.58000183105469,2.7302000522613525,3.920099973678589
2022-10-25,85.31999969482422,2.9159998893737793,3.9672000408172607
2022-10-26,87.91000366210938,2.899399995803833,4.120100021362305
2022-10-27,89.08000183105469,3.0116000175476074,4.333899974822998
2022-10-28,87.9000015258789,2.906599998474121,4.549799919128418
2022-10-31,86.52999877929688,2.810699939727783,4.190899848937988
2022-11-01,88.37000274658203,2.5945000648498535,3.6210999488830566
2022-11-02,90.0,2.697200059890747,3.6774001121520996
2022-11-03,88.16999816894531,2.6939001083374023,3.865299940109253
2022-11-04,92.61000061035156,2.734800100326538,3.914799928665161
2022-11-07,91.79000091552734,2.65310001373291,3.781100034713745
2022-11-08,88.91000366210938,2.636699914932251,3.770699977874756
2022-11-09,85.83000183105469,2.544600009918213,3.6563000679016113
2022-11-10,86.47000122070312,2.5662999153137207,3.5694000720977783
2022-11-11,88.95999908447266,2.609600067138672,3.555299997329712
2022-11-14,85.87000274658203,2.5285000801086426,3.5439999103546143
2022-11-15,86.91999816894531,2.5160999298095703,3.6412999629974365
2022-11-16,85.58999633789062,2.507999897003174,3.613600015640259
2022-11-17,81.63999938964844,2.454699993133545,3.5248000621795654
2022-11-18,80.08000183105469,2.420799970626831,3.5181000232696533
2022-11-21,79.7300033569336,2.4370999336242676,3.497299909591675
2022-11-22,80.94999694824219,2.5404999256134033,3.471299886703491
2022-11-23,77.94000244140625,2.474400043487549,3.359299898147583
2022-11-25,76.27999877929688,2.328200101852417,3.2390999794006348
2022-11-28,77.23999786376953,2.3306000232696533,3.215399980545044
2022-11-29,78.19999694824219,2.3320999145507812,3.2959001064300537
2022-11-30,80.55000305175781,2.4184999465942383,3.3629000186920166
2022-12-01,81.22000122070312,2.3420000076293945,3.262399911880493
2022-12-02,79.9800033569336,2.280400037765503,3.1684999465942383
2022-12-05,76.93000030517578,2.201900005340576,2.999799966812134
2022-12-06,74.25,2.1491000652313232,2.9154999256134033
2022-12-07,72.01000213623047,2.077199935913086,2.7804999351501465
2022-12-08,71.45999908447266,2.049099922180176,2.8798000812530518
2022-12-09,71.0199966430664,2.0560998916625977,2.7936999797821045
2022-12-12,73.16999816894531,2.0810000896453857,2.9684998989105225
2022-12-13,75.38999938964844,2.160900115966797,3.0922000408172607
2022-12-14,77.27999877929688,2.2444000244140625,3.2767999172210693
2022-12-15,76.11000061035156,2.166800022125244,3.283400058746338
2022-12-16,74.29000091552734,2.1322999000549316,3.1198999881744385
2022-12-19,75.19000244140625,2.1775999069213867,3.053499937057495
2022-12-20,76.08999633789062,2.2228000164031982,3.0589001178741455
2022-12-21,78.29000091552734,2.2558000087738037,3.1394999027252197
2022-12-22,77.48999786376953,2.248800039291382,3.1314001083374023
2022-12-23,79.55999755859375,2.3835999965667725,3.2660999298095703
2022-12-27,79.52999877929688,2.3601999282836914,3.3536999225616455
2022-12-28,78.95999908447266,2.3629000186920166,3.3777999877929688
2022-12-29,78.4000015258789,2.370699882507324,3.312999963760376
2022-12-30,80.26000213623047,2.4595000743865967,3.3622000217437744
2023-01-03,76.93000030517578,2.3612000942230225,3.0864999294281006
2023-01-04,72.83999633789062,2.259200096130371,2.97189998626709
2023-01-05,73.66999816894531,2.2671000957489014,2.9723000526428223
2023-01-06,73.7699966430664,2.2446000576019287,3.004499912261963
2023-01-09,74.62999725341797,2.2929000854492188,3.0360000133514404
2023-01-10,75.12000274658203,2.327699899673462,3.135699987411499
2023-01-11,77.41000366210938,2.434499979019165,3.217900037765503
2023-01-12,78.38999938964844,2.4753000736236572,3.2190001010894775
2023-01-13,79.86000061035156,2.5327999591827393,3.2558999061584473
2023-01-17,80.18000030517578,2.545099973678589,3.250999927520752
2023-01-18,79.4800033569336,2.5234999656677246,3.263000011444092
2023-01-19,80.33000183105469,2.5968000888824463,3.3759000301361084
2023-01-20,81.30999755859375,2.645400047302246,3.4667999744415283
2023-01-23,81.62000274658203,2.696500062942505,3.5508999824523926
2023-01-24,80.12999725341797,2.648699998855591,3.4272000789642334
2023-01-25,80.1500015258789,2.593400001525879,3.361299991607666
2023-01-26,81.01000213623047,2.6120998859405518,3.3965001106262207
2023-01-27,79.68000030517578,2.588599920272827,3.265500068664551
2023-01-30,77.9000015258789,2.4988999366760254,3.11080002784729
2023-01-31,78.87000274658203,2.5434999465942383,3.182300090789795
2023-02-01,76.41000366210938,2.4537999629974365,2.9511001110076904
2023-02-02,75.87999725341797,2.4523000717163086,2.896699905395508
2023-02-03,73.38999938964844,2.321000099182129,2.7753000259399414
2023-02-06,74.11000061035156,2.3733999729156494,2.768699884414673
2023-02-07,77.13999938964844,2.4567999839782715,2.904400110244751
2023-02-08,78.47000122070312,2.4628000259399414,2.8933000564575195
2023-02-09,78.05999755859375,2.447499990463257,2.8153998851776123
2023-02-10,79.72000122070312,2.503700017929077,2.8645999431610107
2023-02-13,80.13999938964844,2.531100034713745,2.9056999683380127
2023-02-14,79.05999755859375,2.4885001182556152,2.9400999546051025
2023-02-15,78.58999633789062,2.49780011177063,2.844399929046631
2023-02-16,78.48999786376953,2.435499906539917,2.810800075531006
2023-02-17,76.33999633789062,2.4082000255584717,2.712100028991699
2023-02-21,76.16000366210938,2.415600061416626,2.7918999195098877
2023-02-22,73.94999694824219,2.337599992752075,2.7147998809814453
2023-02-23,75.38999938964844,2.379499912261963,2.7081000804901123
2023-02-24,76.31999969482422,2.3587000370025635,2.7962000370025635
2023-02-27,75.68000030517578,2.368299961090088,2.8197999000549316
2023-02-28,77.05000305175781,2.434299945831299,2.8208999633789062
2023-03-01,77.69000244140625,2.674799919128418,2.873800039291382
2023-03-02,78.16000366210938,2.7002999782562256,2.8661999702453613
2023-03-03,79.68000030517578,2.7504000663757324,2.913100004196167
2023-03-06,80.45999908447266,2.7964999675750732,2.8866000175476074
2023-03-07,77.58000183105469,2.700700044631958,2.797499895095825
2023-03-08,76.66000366210938,2.6888999938964844,2.7418999671936035
2023-03-09,75.72000122070312,2.60509991645813,2.6689000129699707
2023-03-10,76.68000030517578,2.6458001136779785,2.772900104522705
2023-03-13,74.80000305175781,2.591399908065796,2.7614998817443848
2023-03-14,71.33000183105469,2.552999973297119,2.714400053024292
2023-03-15,67.61000061035156,2.4384000301361084,2.6048998832702637
2023-03-16,68.3499984741211,2.503499984741211,2.6435000896453857
2023-03-17,66.73999786376953,2.501499891281128,2.6786999702453613
2023-03-20,67.63999938964844,2.5360000133514404,2.6870999336242676
2023-03-21,69.33000183105469,2.5388998985290527,2.690200090408325
2023-03-22,70.9000015258789,2.5931999683380127,2.740299940109253
2023-03-23,69.95999908447266,2.6059000492095947,2.6847000122070312
2023-03-24,69.26000213623047,2.5885000228881836,2.695199966430664
2023-03-27,72.80999755859375,2.6842000484466553,2.770400047302246
2023-03-28,73.19999694824219,2.712100028991699,2.7695999145507812
2023-03-29,72.97000122070312,2.668100118637085,2.658099889755249
2023-03-30,74.37000274658203,2.661400079727173,2.623699903488159
2023-03-31,75.66999816894531,2.700500011444092,2.676300048828125
2023-04-03,80.41999816894531,2.757499933242798,2.662600040435791
2023-04-04,80.70999908447266,2.7370998859405518,2.6666998863220215
2023-04-05,80.61000061035156,2.8201000690460205,2.7309999465942383
2023-04-06,80.69999694824219,2.8132998943328857,2.6605000495910645
2023-04-10,79.73999786376953,2.8078999519348145,2.6814000606536865
2023-04-11,81.52999877929688,2.8652000427246094,2.6682000160217285
2023-04-12,83.26000213623047,2.8726999759674072,2.7030999660491943
2023-04-13,82.16000366210938,2.831700086593628,2.672800064086914
2023-04-14,82.5199966430664,2.835900068283081,2.63919997215271
2023-04-17,80.83000183105469,2.7739999294281006,2.6147000789642334
2023-04-18,80.86000061035156,2.7509000301361084,2.599900007247925
2023-04-19,79.16000366210938,2.6454999446868896,2.5576999187469482
2023-04-20,77.29000091552734,2.586400032043457,2.4948999881744385
2023-04-21,77.87000274658203,2.601599931716919,2.488600015640259
2023-04-24,78.76000213623047,2.6317999362945557,2.5309998989105225
2023-04-25,77.06999969482422,2.588599920272827,2.4511001110076904
2023-04-26,74.30000305175781,2.5494000911712646,2.372999906539917
2023-04-27,74.76000213623047,2.5327999591827393,2.3541998863220215
2023-04-28,76.77999877929688,2.578000068664551,2.378700017929077
2023-05-01,75.66000366210938,2.5504000186920166,2.3822999000549316
2023-05-02,71.66000366210938,2.435699939727783,2.2892000675201416
2023-05-03,68.5999984741211,2.3220999240875244,2.232300043106079
2023-05-04,68.55999755859375,2.325900077819824,2.2386999130249023
2023-05-05,71.33999633789062,2.378999948501587,2.31469988822937
2023-05-08,73.16000366210938,2.4616000652313232,2.377700090408325
2023-05-09,73.70999908447266,2.4798998832702637,2.390199899673462
2023-05-10,72.55999755859375,2.4948999881744385,2.393399953842163
2023-05-11,70.87000274658203,2.45770001411438,2.3494999408721924
2023-05-12,70.04000091552734,2.4302000999450684,2.305500030517578
2023-05-15,71.11000061035156,2.4719998836517334,2.378000020980835
2023-05-16,70.86000061035156,2.479099988937378,2.3638999462127686
2023-05-17,72.83000183105469,2.569200038909912,2.422600030899048
2023-05-18,71.86000061035156,2.5683000087738037,2.402600049972534
2023-05-19,71.55000305175781,2.5761001110076904,2.3622000217437744
2023-05-22,71.98999786376953,2.648900032043457,2.3664000034332275
2023-05-23,72.91000366210938,2.6621999740600586,2.3617000579833984
2023-05-24,74.33999633789062,2.7211999893188477,2.4137001037597656
2023-05-25,71.83000183105469,2.6735000610351562,2.3461999893188477
2023-05-26,72.66999816894531,2.703399896621704,2.36929988861084
2023-05-30,69.45999908447266,2.595900058746338,2.2808001041412354
2023-05-31,68.08999633789062,2.5599000453948975,2.2595999240875244
2023-06-01,70.0999984741211,2.436199903488159,2.31469988822937
2023-06-02,71.73999786376953,2.500699996948242,2.3568999767303467
2023-06-05,72.1500015258789,2.524399995803833,2.377500057220459
2023-06-06,71.73999786376953,2.564300060272217,2.367799997329712
2023-06-07,72.52999877929688,2.641200065612793,2.4017999172210693
2023-06-08,71.29000091552734,2.6126999855041504,2.3898000717163086
2023-06-09,70.16999816894531,2.5931999683380127,2.3610000610351562
2023-06-12,67.12000274658203,2.482599973678589,2.3090999126434326
2023-06-13,69.41999816894531,2.5578999519348145,2.3954999446868896
2023-06-14,68.2699966430664,2.5546000003814697,2.3577001094818115
2023-06-15,70.62000274658203,2.641700029373169,2.479599952697754
2023-06-16,71.77999877929688,2.680500030517578,2.5513999462127686
2023-06-20,70.5,2.6092000007629395,2.475399971008301
2023-06-21,72.52999877929688,2.6240999698638916,2.564199924468994
2023-06-22,69.51000213623047,2.550100088119507,2.4655001163482666
2023-06-23,69.16000366210938,2.517199993133545,2.407099962234497
2023-06-26,69.37000274658203,2.5374999046325684,2.438800096511841
2023-06-27,67.69999694824219,2.5167999267578125,2.3989999294281006
2023-06-28,69.55999755859375,2.6033999919891357,2.4066998958587646
2023-06-29,69.86000061035156,2.6177000999450684,2.415600061416626
2023-06-30,70.63999938964844,2.634000062942505,2.448199987411499
2023-07-03,69.79000091552734,2.462399959564209,2.3773000240325928
2023-07-05,71.79000091552734,2.5183000564575195,2.493299961090088
2023-07-06,71.80000305175781,2.543800115585327,2.4793999195098877
2023-07-07,73.86000061035156,2.5892999172210693,2.5590999126434326
2023-07-10,72.98999786376953,2.5696001052856445,2.5532000064849854
2023-07-11,74.83000183105469,2.6226999759674072,2.583699941635132
2023-07-12,75.75,2.6670000553131104,2.599600076675415
2023-07-13,76.88999938964844,2.6786000728607178,2.6103999614715576
2023-07-14,75.41999816894531,2.643699884414673,2.597899913787842
2023-07-17,74.1500015258789,2.631700038909912,2.564199924468994
2023-07-18,75.75,2.6944000720977783,2.599400043487549
2023-07-19,75.3499984741211,2.7204999923706055,2.6417999267578125
2023-07-20,75.62999725341797,2.7432000637054443,2.664400100708008
2023-07-21,77.06999969482422,2.801800012588501,2.745699882507324
2023-07-24,78.73999786376953,2.8951001167297363,2.7704999446868896
2023-07-25,79.62999725341797,2.853300094604492,2.777600049972534
2023-07-26,78.77999877929688,2.9072000980377197,2.842900037765503
2023-07-27,80.08999633789062,2.950500011444092,2.9168999195098877
2023-07-28,80.58000183105469,2.9558000564575195,2.9586000442504883
2023-07-31,81.80000305175781,2.928999900817871,2.9909000396728516
2023-08-01,81.37000274658203,2.872999906539917,3.023400068283081
2023-08-02,79.48999786376953,2.7757999897003174,3.004300117492676
2023-08-03,81.55000305175781,2.764699935913086,3.074899911880493
2023-08-04,82.81999969482422,2.783099889755249,3.0622000694274902
2023-08-07,81.94000244140625,2.8043999671936035,3.015500068664551
2023-08-08,82.91999816894531,2.845099925994873,3.085599899291992
2023-08-09,84.4000015258789,2.9284000396728516,3.2070000171661377
2023-08-10,82.81999969482422,2.9047000408172607,3.1533000469207764
2023-08-11,83.19000244140625,2.964900016784668,3.121500015258789
2023-08-14,82.51000213623047,2.9061999320983887,3.0882999897003174
2023-08-15,80.98999786376953,2.847599983215332,3.0280001163482666
2023-08-16,79.37999725341797,2.8671000003814697,3.020900011062622
2023-08-17,80.38999938964844,2.821700096130371,3.0938000679016113
2023-08-18,81.25,2.823199987411499,3.1596999168395996
2023-08-21,80.72000122070312,2.772599935531616,3.1161999702453613
2023-08-22,80.3499984741211,2.789099931716919,3.1387999057769775
2023-08-23,78.88999938964844,2.7688000202178955,3.1291000843048096
2023-08-24,79.05000305175781,2.7799999713897705,3.156399965286255
2023-08-25,79.83000183105469,2.8763999938964844,3.307499885559082
2023-08-28,80.0999984741211,2.7957000732421875,3.203700065612793
2023-08-29,81.16000366210938,2.7904999256134033,3.2095000743865967
2023-08-30,81.62999725341797,2.8092000484466553,3.0961999893188477
2023-08-31,83.62999725341797,2.766400098800659,3.1426000595092773
2023-09-01,85.55000305175781,2.591200113296509,3.1050000190734863
2023-09-05,86.69000244140625,2.5810000896453857,3.219599962234497
2023-09-06,87.54000091552734,2.6013998985290527,3.192699909210205
2023-09-07,86.87000274658203,2.622999906539917,3.2123000621795654
2023-09-08,87.51000213623047,2.653700113296509,3.299099922180176
2023-09-11,87.29000091552734,2.7186999320983887,3.3622000217437744
2023-09-12,88.83999633789062,2.7279000282287598,3.3282999992370605
2023-09-13,88.5199966430664,2.7383999824523926,3.4354000091552734
2023-09-14,90.16000366210938,2.7427000999450684,3.4814999103546143
2023-09-15,90.7699966430664,2.7081000804901123,3.3833999633789062
2023-09-18,91.4800033569336,2.6979000568389893,3.288300037384033
2023-09-19,91.19999694824219,2.658099889755249,3.3738999366760254
2023-09-20,90.27999877929688,2.6191999912261963,3.3268001079559326
2023-09-21,89.62999725341797,2.6198999881744385,3.368000030517578
2023-09-22,90.02999877929688,2.561800003051758,3.3062000274658203
2023-09-25,89.68000030517578,2.5439000129699707,3.262200117111206
2023-09-26,90.38999938964844,2.5622000694274902,3.22379994392395
2023-09-27,93.68000030517578,2.598599910736084,3.31469988822937
2023-09-28,91.70999908447266,2.5053000450134277,3.318000078201294
2023-09-29,90.79000091552734,2.4398999214172363,3.3622000217437744
2023-10-02,88.81999969482422,2.4121999740600586,3.2225000858306885
2023-10-03,89.2300033569336,2.360100030899048,3.1953999996185303
2023-10-04,84.22000122070312,2.197999954223633,3.0178000926971436
2023-10-05,82.30999755859375,2.188999891281128,2.8687000274658203
2023-10-06,82.79000091552734,2.192199945449829,2.9007999897003174
2023-10-09,86.37999725341797,2.238100051879883,2.966599941253662
2023-10-10,85.97000122070312,2.2583999633789062,3.0201001167297363
2023-10-11,83.48999786376953,2.210099935531616,2.998500108718872
2023-10-12,82.91000366210938,2.1649999618530273,3.0448999404907227
2023-10-13,87.69000244140625,2.2653000354766846,3.211699962615967
2023-10-16,86.66000366210938,2.2730000019073486,3.149199962615967
2023-10-17,86.66000366210938,2.2844998836517334,3.1767001152038574
2023-10-18,88.31999969482422,2.3534998893737793,3.1393001079559326
2023-10-19,89.37000274658203,2.3617000579833984,3.1730000972747803
2023-10-20,88.75,2.3736000061035156,3.156599998474121
2023-10-23,85.48999786376953,2.3285000324249268,3.0954999923706055
2023-10-24,83.73999786376953,2.2676000595092773,3.0448999404907227
2023-10-25,85.38999938964844,2.2841999530792236,3.0304999351501465
2023-10-26,83.20999908447266,2.2560999393463135,3.0439000129699707
2023-10-27,85.54000091552734,2.3125,3.0518999099731445
2023-10-30,82.30999755859375,2.2200000286102295,2.9663000106811523
2023-10-31,81.0199966430664,2.2227001190185547,2.990999937057495
2023-11-01,80.44000244140625,2.185499906539917,2.9614999294281006
2023-11-02,82.45999908447266,2.246000051498413,3.0255000591278076
2023-11-03,80.51000213623047,2.2009999752044678,2.923799991607666
2023-11-06,80.81999969482422,2.2358999252319336,2.952399969100952
2023-11-07,77.37000274658203,2.1677000522613525,2.838399887084961
2023-11-08,75.33000183105469,2.128499984741211,2.7492001056671143
2023-11-09,75.73999786376953,2.160799980163574,2.719099998474121
2023-11-10,77.16999816894531,2.189500093460083,2.7430999279022217
2023-11-13,78.26000213623047,2.2358999252319336,2.8392999172210693
2023-11-14,78.26000213623047,2.2228000164031982,2.837100028991699
2023-11-15,76.66000366210938,2.2018001079559326,2.8687000274658203
2023-11-16,72.9000015258789,2.101099967956543,2.750200033187866
2023-11-17,75.88999938964844,2.184499979019165,2.7725000381469727
2023-11-20,77.5999984741211,2.2260000705718994,2.8494999408721924
2023-11-21,77.7699966430664,2.233799934387207,2.9249000549316406
2023-11-22,77.0999984741211,2.2323999404907227,2.8891000747680664
2023-11-24,75.54000091552734,2.16510009765625,2.835700035095215
2023-11-27,74.86000061035156,2.1798999309539795,2.837899923324585
2023-11-28,76.41000366210938,2.2300000190734863,2.9070000648498535
2023-11-29,77.86000061035156,2.283600091934204,2.8884999752044678
2023-11-30,75.95999908447266,2.1998000144958496,2.8304998874664307
2023-12-01,74.06999969482422,2.1210999488830566,2.6614999771118164
2023-12-04,73.04000091552734,2.134200096130371,2.6596999168395996
2023-12-05,72.31999969482422,2.110300064086914,2.6410999298095703
2023-12-06,69.37999725341797,2.0302000045776367,2.576200008392334
2023-12-07,69.33999633789062,2.001199960708618,2.5492000579833984
2023-12-08,71.2300033569336,2.049799919128418,2.5810000896453857
2023-12-11,71.31999969482422,2.043100118637085,2.6087000370025635
2023-12-12,68.61000061035156,1.979699969291687,2.5074000358581543
2023-12-13,69.47000122070312,2.024899959564209,2.548099994659424
2023-12-14,71.58000183105469,2.118799924850464,2.5913000106811523
2023-12-15,71.43000030517578,2.13700008392334,2.620800018310547
2023-12-18,72.47000122070312,2.1589999198913574,2.672800064086914
2023-12-19,73.44000244140625,2.2007999420166016,2.7167999744415283
2023-12-20,74.22000122070312,2.200700044631958,2.7084999084472656
2023-12-21,73.88999938964844,2.1584999561309814,2.6967999935150146
2023-12-22,73.55999755859375,2.1301000118255615,2.6612000465393066
2023-12-26,75.56999969482422,2.1582999229431152,2.668800115585327
2023-12-27,74.11000061035156,2.1549999713897705,2.6238999366760254
2023-12-28,71.7699966430664,2.085200071334839,2.556299924850464
2023-12-29,71.6500015258789,2.10260009765625,2.553100109100342
2024-01-02,70.37999725341797,2.094899892807007,2.5257999897003174
2024-01-03,72.69999694824219,2.158099889755249,2.6043999195098877
2024-01-04,72.19000244140625,2.110100030899048,2.588399887084961
2024-01-05,73.80999755859375,2.1054999828338623,2.6085000038146973
2024-01-08,70.7699966430664,2.0278000831604004,2.576900005340576
2024-01-09,72.23999786376953,2.0768001079559326,2.650399923324585
2024-01-10,71.37000274658203,2.0673000812530518,2.600600004196167
2024-01-11,72.0199966430664,2.114300012588501,2.673799991607666
2024-01-12,72.68000030517578,2.120300054550171,2.669300079345703
2024-01-16,72.4000015258789,2.1219000816345215,2.660599946975708
2024-01-17,72.55999755859375,2.1354000568389893,2.653599977493286
2024-01-18,74.08000183105469,2.183500051498413,2.6935999393463135
2024-01-19,73.41000366210938,2.1628000736236572,2.662100076675415
2024-01-22,75.19000244140625,2.237799882888794,2.69350004196167
2024-01-23,74.37000274658203,2.210099935531616,2.6912999153137207
2024-01-24,75.08999633789062,2.2095000743865967,2.68179988861084
2024-01-25,77.36000061035156,2.264400005340576,2.7953999042510986
2024-01-26,78.01000213623047,2.294100046157837,2.843400001525879
2024-01-29,76.77999877929688,2.2284998893737793,2.833899974822998
2024-01-30,77.81999969482422,2.260699987411499,2.80679988861084
2024-01-31,75.8499984741211,2.183300018310547,2.808199882507324
2024-02-01,73.81999969482422,2.1947999000549316,2.712899923324585
2024-02-02,72.27999877929688,2.1475000381469727,2.6600000858306885
2024-02-05,72.77999877929688,2.209199905395508,2.7248001098632812
2024-02-06,73.30999755859375,2.2172999382019043,2.7427000999450684
2024-02-07,73.86000061035156,2.263000011444092,2.815200090408325
2024-02-08,76.22000122070312,2.3420000076293945,2.8907999992370605
2024-02-09,76.83999633789062,2.3394999504089355,2.964200019836426
2024-02-12,76.91999816894531,2.367300033569336,2.919600009918213
2024-02-13,77.87000274658203,2.3945999145507812,2.895900011062622
2024-02-14,76.63999938964844,2.3169000148773193,2.8101000785827637
2024-02-15,78.02999877929688,2.3183000087738037,2.823699951171875
2024-02-16,79.19000244140625,2.3359999656677246,2.8066000938415527
2024-02-20,78.18000030517578,2.277400016784668,2.7314999103546143
2024-02-21,77.91000366210938,2.2860000133514404,2.705199956893921
2024-02-22,78.61000061035156,2.334700107574463,2.752000093460083
2024-02-23,76.48999786376953,2.276700019836426,2.68969988822937
2024-02-26,77.58000183105469,2.3055999279022217,2.762700080871582
2024-02-27,78.87000274658203,2.344399929046631,2.746000051498413
2024-02-28,78.54000091552734,2.2709999084472656,2.6582999229431152
2024-02-29,78.26000213623047,2.30430006980896,2.683799982070923
2024-03-01,79.97000122070312,2.6143999099731445,2.704200029373169
2024-03-04,78.73999786376953,2.585700035095215,2.647200107574463
2024-03-05,78.1500015258789,2.5327999591827393,2.6064999103546143
2024-03-06,79.12999725341797,2.5539000034332275,2.663300037384033
2024-03-07,78.93000030517578,2.554800033569336,2.694700002670288
2024-03-08,78.01000213623047,2.5271999835968018,2.640899896621704
2024-03-11,77.93000030517578,2.5804998874664307,2.6517999172210693
2024-03-12,77.55999755859375,2.586400032043457,2.616499900817871
2024-03-13,79.72000122070312,2.6614999771118164,2.6851000785827637
2024-03-14,81.26000213623047,2.7032999992370605,2.7088000774383545
2024-03-15,81.04000091552734,2.7207999229431152,2.7269999980926514
2024-03-18,82.72000122070312,2.7572999000549316,2.7881999015808105
2024-03-19,83.47000122070312,2.762200117111206,2.760699987411499
2024-03-20,81.68000030517578,2.7332000732421875,2.69569993019104
2024-03-21,81.06999969482422,2.727099895477295,2.668800115585327
2024-03-22,80.62999725341797,2.739799976348877,2.65339994430542
2024-03-25,81.94999694824219,2.7483999729156494,2.6786000728607178
2024-03-26,81.62000274658203,2.7005999088287354,2.621799945831299
2024-03-27,81.3499984741211,2.6847000122070312,2.598599910736084
2024-03-28,83.16999816894531,2.7611000537872314,2.615600109100342
2024-04-01,83.70999908447266,2.7100000381469727,2.6270999908447266
2024-04-02,85.1500015258789,2.7588999271392822,2.711899995803833
2024-04-03,85.43000030517578,2.7609000205993652,2.7323999404907227
2024-04-04,86.58999633789062,2.7941999435424805,2.741300106048584
2024-04-05,86.91000366210938,2.788599967956543,2.7730000019073486
2024-04-08,86.43000030517578,2.7486000061035156,2.7286999225616455
2024-04-09,85.2300033569336,2.7555999755859375,2.677000045776367
2024-04-10,86.20999908447266,2.781599998474121,2.7076001167297363
2024-04-11,85.0199966430664,2.7741000652313232,2.6598000526428223
2024-04-12,85.66000366210938,2.8029000759124756,2.6851000785827637
2024-04-15,85.41000366210938,2.783900022506714,2.6542000770568848
2024-04-16,85.36000061035156,2.8222999572753906,2.6512999534606934
2024-04-17,82.69000244140625,2.7286999225616455,2.574700117111206
2024-04-18,82.7300033569336,2.71370005607605,2.533900022506714
2024-04-19,83.13999938964844,2.7102999687194824,2.541300058364868
2024-04-22,82.8499984741211,2.6854000091552734,2.5604000091552734
2024-04-23,83.36000061035156,2.7253000736236572,2.579200029373169
2024-04-24,82.80999755859375,2.734299898147583,2.5499000549316406
2024-04-25,83.56999969482422,2.75819993019104,2.5504000186920166
2024-04-26,83.8499984741211,2.7646000385284424,2.5481998920440674
2024-04-29,82.62999725341797,2.748699903488159,2.5313000679016113
2024-04-30,81.93000030517578,2.7107999324798584,2.513400077819824
2024-05-01,79.0,2.577399969100952,2.451900005340576
2024-05-02,78.94999694824219,2.5964999198913574,2.4430999755859375
2024-05-03,78.11000061035156,2.5550999641418457,2.4433999061584473
2024-05-06,78.4800033569336,2.588200092315674,2.461400032043457
2024-05-07,78.37999725341797,2.5434000492095947,2.46560001373291
2024-05-08,78.98999786376953,2.5318000316619873,2.476099967956543
2024-05-09,79.26000213623047,2.541800022125244,2.47760009765625
2024-05-10,78.26000213623047,2.4997000694274902,2.4344000816345215
2024-05-13,79.12000274658203,2.510499954223633,2.436800003051758
2024-05-14,78.0199966430664,2.4595999717712402,2.4200000762939453
2024-05-15,78.62999725341797,2.496799945831299,2.423099994659424
2024-05-16,79.2300033569336,2.5378000736236572,2.443700075149536
2024-05-17,80.05999755859375,2.574199914932251,2.486299991607666
2024-05-20,79.80000305175781,2.539900064468384,2.4870998859405518
2024-05-21,79.26000213623047,2.509999990463257,2.4623000621795654
2024-05-22,77.56999969482422,2.4677999019622803,2.43179988861084
2024-05-23,76.87000274658203,2.469399929046631,2.411799907684326
2024-05-24,77.72000122070312,2.4842000007629395,2.413599967956543
2024-05-28,79.83000183105469,2.509000062942505,2.4649999141693115
2024-05-29,79.2300033569336,2.464400053024292,2.437000036239624
2024-05-30,77.91000366210938,2.404599905014038,2.3694000244140625
2024-05-31,76.98999786376953,2.4260001182556152,2.363600015640259
2024-06-03,74.22000122070312,2.335599899291992,2.2962000370025635
2024-06-04,73.25,2.3494999408721924,2.285900115966797
2024-06-05,74.06999969482422,2.353600025177002,2.301100015640259
2024-06-06,75.55000305175781,2.3975000381469727,2.357599973678589
2024-06-07,75.52999877929688,2.3826000690460205,2.3517000675201416
2024-06-10,77.73999786376953,2.410900115966797,2.4147000312805176
2024-06-11,77.9000015258789,2.408900022506714,2.421299934387207
2024-06-12,78.5,2.394399881362915,2.4407999515533447
2024-06-13,78.62000274658203,2.415600061416626,2.486799955368042
2024-06-14,78.44999694824219,2.399600028991699,2.470599889755249
2024-06-17,80.33000183105469,2.446899890899658,2.4825000762939453
2024-06-18,81.56999969482422,2.4832000732421875,2.5208001136779785
2024-06-20,82.16999816894531,2.5007998943328857,2.5244998931884766
2024-06-21,80.7300033569336,2.513700008392334,2.491499900817871
2024-06-24,81.62999725341797,2.5114998817443848,2.521399974822998
2024-06-25,80.83000183105469,2.514699935913086,2.509399890899658
2024-06-26,80.9000015258789,2.544600009918213,2.5374999046325684
2024-06-27,81.73999786376953,2.545599937438965,2.547600030899048
2024-06-28,81.54000091552734,2.529099941253662,2.516900062561035
2024-07-01,83.37999725341797,2.5782999992370605,2.6147000789642334
2024-07-02,82.80999755859375,2.5734000205993652,2.629699945449829
2024-07-03,83.87999725341797,2.601300001144409,2.6342999935150146
2024-07-05,83.16000366210938,2.5590999126434326,2.602400064468384
2024-07-08,82.33000183105469,2.537899971008301,2.5790998935699463
2024-07-09,81.41000366210938,2.527400016784668,2.5236001014709473
2024-07-10,82.0999984741211,2.5034000873565674,2.518399953842163
2024-07-11,82.62000274658203,2.5178000926971436,2.518199920654297
2024-07-12,82.20999908447266,2.5153000354766846,2.5095999240875244
2024-07-15,81.91000366210938,2.4916000366210938,2.5136001110076904
2024-07-16,80.76000213623047,2.4774999618530273,2.4688000679016113
2024-07-17,82.8499984741211,2.501300096511841,2.49399995803833
2024-07-18,82.81999969482422,2.516400098800659,2.486799955368042
2024-07-19,80.12999725341797,2.4504001140594482,2.419100046157837
2024-07-22,79.77999877929688,2.470599889755249,2.434799909591675
2024-07-23,76.95999908447266,2.414099931716919,2.409899950027466
2024-07-24,77.58999633789062,2.4514999389648438,2.452399969100952
2024-07-25,78.27999877929688,2.467600107192993,2.4711999893188477
2024-07-26,77.16000366210938,2.4605000019073486,2.4196999073028564
2024-07-29,75.80999755859375,2.415299892425537,2.375
2024-07-30,74.7300033569336,2.3870999813079834,2.3368000984191895
2024-07-31,77.91000366210938,2.4820001125335693,2.4154999256134033
2024-08-01,76.30999755859375,2.3980000019073486,2.406399965286255
2024-08-02,73.5199966430664,2.3176000118255615,2.31850004196167
2024-08-05,72.94000244140625,2.3336000442504883,2.2985999584198
2024-08-06,73.19999694824219,2.326200008392334,2.295799970626831
2024-08-07,75.2300033569336,2.357300043106079,2.355600118637085
2024-08-08,76.19000244140625,2.399199962615967,2.357800006866455
2024-08-09,76.83999633789062,2.3903000354766846,2.3396999835968018
2024-08-12,80.05999755859375,2.4428999423980713,2.4065001010894775
2024-08-13,78.3499984741211,2.3747000694274902,2.38919997215271
2024-08-14,76.9800033569336,2.3210999965667725,2.3682000637054443
2024-08-15,78.16000366210938,2.3580000400543213,2.3778998851776123
2024-08-16,76.6500015258789,2.3101999759674072,2.328700065612793
2024-08-19,74.37000274658203,2.2637999057769775,2.2634999752044678
2024-08-20,74.04000091552734,2.2562999725341797,2.263200044631958
2024-08-21,71.93000030517578,2.2049999237060547,2.2497000694274902
2024-08-22,73.01000213623047,2.2437000274658203,2.2634999752044678
2024-08-23,74.83000183105469,2.285099983215332,2.2997000217437744
2024-08-26,77.41999816894531,2.279900074005127,2.3480000495910645
2024-08-27,75.52999877929688,2.2469000816345215,2.2862000465393066
2024-08-28,74.5199966430664,2.2147998809814453,2.229099988937378
2024-08-29,75.91000366210938,2.2476999759674072,2.2839999198913574
2024-08-30,73.55000305175781,2.211699962615967,2.251499891281128
2024-09-03,70.33999633789062,1.9776999950408936,2.2060000896453857
2024-09-04,69.19999694824219,1.9617999792099,2.1575000286102295
2024-09-05,69.1500015258789,1.9257999658584595,2.1689000129699707
2024-09-06,67.66999816894531,1.8960000276565552,2.115000009536743
2024-09-09,68.70999908447266,1.9204000234603882,2.139400005340576
2024-09-10,65.75,1.8700000047683716,2.058000087738037
2024-09-11,67.30999755859375,1.8971999883651733,2.0917000770568848
2024-09-12,68.97000122070312,1.9270000457763672,2.118799924850464
2024-09-13,68.6500015258789,1.9301999807357788,2.0843000411987305
2024-09-16,70.08999633789062,1.9681999683380127,2.0968000888824463
2024-09-17,71.19000244140625,2.0018999576568604,2.136699914932251
2024-09-18,70.91000366210938,2.010699987411499,2.1475000381469727
2024-09-19,71.94999694824219,2.059999942779541,2.171999931335449
2024-09-20,71.91999816894531,2.036400079727173,2.1614999771118164
2024-09-23,70.37000274658203,1.9902000427246094,2.1451001167297363
2024-09-24,71.55999755859375,2.0297000408172607,2.180500030517578
2024-09-25,69.69000244140625,1.999899983406067,2.1602001190185547
2024-09-26,67.66999816894531,1.961300015449524,2.1361000537872314
2024-09-27,68.18000030517578,1.9529999494552612,2.132699966430664
2024-09-30,68.16999816894531,1.9621000289916992,2.1317999362945557
2024-10-01,69.83000183105469,1.966599941253662,2.1742000579833984
2024-10-02,70.0999984741211,1.9859000444412231,2.1821000576019287
2024-10-03,73.70999908447266,2.092600107192993,2.2946999073028564
2024-10-04,74.37999725341797,2.0957999229431152,2.312700033187866
2024-10-07,77.13999938964844,2.1538000106811523,2.396199941635132
2024-10-08,73.56999969482422,2.0680999755859375,2.2971999645233154
2024-10-09,73.23999786376953,2.0664000511169434,2.276900053024292
2024-10-10,75.8499984741211,2.150899887084961,2.3508999347686768
2024-10-11,75.55999755859375,2.151599884033203,2.343899965286255
2024-10-14,73.83000183105469,2.108599901199341,2.274199962615967
2024-10-15,70.58000183105469,2.0376999378204346,2.187700033187866
2024-10-16,70.38999938964844,2.040299892425537,2.1747000217437744
2024-10-17,70.66999816894531,2.046799898147583,2.194499969482422
2024-10-18,69.22000122070312,2.002000093460083,2.1521999835968018
2024-10-21,70.55999755859375,2.014699935913086,2.183300018310547
2024-10-22,72.08999633789062,2.071500062942505,2.236999988555908
2024-10-23,70.7699966430664,2.0413999557495117,2.22160005569458
2024-10-24,70.19000244140625,2.0276999473571777,2.2023000717163086
2024-10-25,71.77999877929688,2.0785000324249268,2.238100051879883
2024-10-28,67.37999725341797,1.9664000272750854,2.1285998821258545
2024-10-29,67.20999908447266,1.951799988746643,2.133699893951416
2024-10-30,68.61000061035156,1.9957000017166138,2.1875998973846436
2024-10-31,69.26000213623047,2.003499984741211,2.2195000648498535
2024-11-01,69.48999786376953,1.9665000438690186,2.2342000007629395
2024-11-04,71.47000122070312,2.019200086593628,2.28410005569458
2024-11-05,71.98999786376953,2.044600009918213,2.3041999340057373
2024-11-06,71.69000244140625,2.035399913787842,2.2699999809265137
2024-11-07,72.36000061035156,2.0536000728607178,2.286400079727173
2024-11-08,70.37999725341797,2.012500047683716,2.2388999462127686
2024-11-11,68.04000091552734,1.9570000171661377,2.1975998878479004
2024-11-12,68.12000274658203,1.9643000364303589,2.2107999324798584
2024-11-13,68.43000030517578,1.9651000499725342,2.2193000316619873
2024-11-14,68.69999694824219,1.9816999435424805,2.2123000621795654
2024-11-15,67.0199966430664,1.9493000507354736,2.1709001064300537
2024-11-18,69.16000366210938,2.0183000564575195,2.2513999938964844
2024-11-19,69.38999938964844,2.0376999378204346,2.2402000427246094
2024-11-20,68.87000274658203,2.045799970626831,2.226300001144409
2024-11-21,70.0999984741211,2.0594000816345215,2.274399995803833
2024-11-22,71.23999786376953,2.0613999366760254,2.274899959564209
2024-11-25,68.94000244140625,2.000499963760376,2.235300064086914
2024-11-26,68.7699966430664,1.9917999505996704,2.2404000759124756
2024-11-27,68.72000122070312,1.9733999967575073,2.2035999298095703
2024-11-29,68.0,1.9436999559402466,2.193000078201294
2024-12-02,68.0999984741211,1.917199969291687,2.1777000427246094
2024-12-03,69.94000244140625,1.962399959564209,2.2177000045776367
2024-12-04,68.54000091552734,1.9391000270843506,2.1673998832702637
2024-12-05,68.30000305175781,1.9325000047683716,2.1556999683380127
2024-12-06,67.19999694824219,1.9062000513076782,2.1326000690460205
2024-12-09,68.37000274658203,1.9524999856948853,2.183500051498413
2024-12-10,68.58999633789062,1.9567999839782715,2.1861000061035156
2024-12-11,70.29000091552734,1.98580002784729,2.223299980163574
2024-12-12,70.0199966430664,1.9884999990463257,2.236599922180176
2024-12-13,71.29000091552734,2.001800060272217,2.2699999809265137
2024-12-16,70.70999908447266,1.9757000207901,2.2639999389648438
2024-12-17,70.08000183105469,1.9438999891281128,2.2279000282287598
2024-12-18,70.58000183105469,1.9428000450134277,2.255000114440918
2024-12-19,69.91000366210938,1.9227999448776245,2.2376999855041504
2024-12-20,69.45999908447266,1.94159996509552,2.2316999435424805
2024-12-23,69.23999786376953,1.9383000135421753,2.226300001144409
2024-12-24,70.0999984741211,1.958899974822998,2.2214999198913574
2024-12-26,69.62000274658203,1.9457999467849731,2.2053000926971436
2024-12-27,70.5999984741211,1.9581999778747559,2.244800090789795
2024-12-30,70.98999786376953,1.9763000011444092,2.299499988555908
2024-12-31,71.72000122070312,2.001499891281128,2.3206000328063965
2025-01-02,73.12999725341797,2.0518999099731445,2.3540000915527344
2025-01-03,73.95999908447266,2.0536999702453613,2.3478000164031982
2025-01-06,73.55999755859375,2.0355000495910645,2.3552000522613525
2025-01-07,74.25,2.026599884033203,2.366300106048584
2025-01-08,73.31999969482422,2.010200023651123,2.3506999015808105
2025-01-09,73.91999816894531,2.0283000469207764,2.378200054168701
2025-01-10,76.56999969482422,2.074899911880493,2.501699924468994
2025-01-13,78.81999969482422,2.1003000736236572,2.5332999229431152
2025-01-14,77.5,2.104599952697754,2.5253000259399414
2025-01-15,80.04000091552734,2.158900022506714,2.6135001182556152
2025-01-16,78.68000030517578,2.123199939727783,2.6171998977661133
2025-01-17,77.87999725341797,2.1122000217437744,2.621000051498413
2025-01-21,75.88999938964844,2.0843000411987305,2.5580999851226807
2025-01-22,75.44000244140625,2.057800054550171,2.4842000007629395
2025-01-23,74.62000274658203,2.0655999183654785,2.4714999198913574
2025-01-24,74.66000366210938,2.0490000247955322,2.516200065612793
2025-01-27,73.16999816894531,2.0281999111175537,2.4600000381469727
2025-01-28,73.7699966430664,2.0525999069213867,2.4500999450683594
2025-01-29,72.62000274658203,2.0357000827789307,2.4539999961853027
2025-01-30,72.7300033569336,2.037400007247925,2.475399971008301
2025-01-31,72.52999877929688,2.0364999771118164,2.484499931335449
2025-02-03,73.16000366210938,2.1177000999450684,2.463099956512451
2025-02-04,72.69999694824219,2.0989999771118164,2.429800033569336
2025-02-05,71.02999877929688,2.0506999492645264,2.384200096130371
2025-02-06,70.61000061035156,2.074700117111206,2.3980000019073486
2025-02-07,71.0,2.1050000190734863,2.430799961090088
2025-02-10,72.31999969482422,2.1041998863220215,2.450900077819824
2025-02-11,73.31999969482422,2.1473000049591064,2.5146000385284424
2025-02-12,71.37000274658203,2.089600086212158,2.4519999027252197
2025-02-13,71.29000091552734,2.1106998920440674,2.448699951171875
2025-02-14,70.73999786376953,2.089900016784668,2.4618000984191895
2025-02-18,71.8499984741211,2.086699962615967,2.4405999183654785
2025-02-19,72.25,2.0864999294281006,2.4565000534057617
2025-02-20,72.56999969482422,2.0864999294281006,2.5034000873565674
2025-02-21,70.4000015258789,2.026700019836426,2.432300090789795
2025-02-24,70.69999694824219,2.010999917984009,2.435800075531006
2025-02-25,68.93000030517578,1.9673000574111938,2.3903000354766846
2025-02-26,68.62000274658203,1.9488999843597412,2.3443000316619873
2025-02-27,70.3499984741211,1.9966000318527222,2.395900011062622
2025-02-28,69.76000213623047,1.9702999591827393,2.3548998832702637
2025-03-03,68.37000274658203,2.1877999305725098,2.2604000568389893
2025-03-04,68.26000213623047,2.194200038909912,2.2871999740600586
2025-03-05,66.30999755859375,2.13700008392334,2.240799903869629
2025-03-06,66.36000061035156,2.1012001037597656,2.22379994392395
2025-03-07,67.04000091552734,2.1087000370025635,2.2160000801086426
2025-03-10,66.02999877929688,2.0924999713897705,2.1798999309539795
2025-03-11,66.25,2.1050000190734863,2.1967999935150146
2025-03-12,67.68000030517578,2.150099992752075,2.2063000202178955
2025-03-13,66.55000305175781,2.1331000328063965,2.1621999740600586
2025-03-14,67.18000030517578,2.148699998855591,2.166599988937378
2025-03-17,67.58000183105469,2.1812000274658203,2.2037999629974365
2025-03-18,66.9000015258789,2.1684000492095947,2.194499969482422
2025-03-19,67.16000366210938,2.169600009918213,2.2318999767303467
2025-03-20,68.26000213623047,2.1910998821258545,2.254300117492676
2025-03-21,68.27999877929688,2.1953999996185303,2.2495999336242676
2025-03-24,69.11000061035156,2.2065999507904053,2.2571001052856445
2025-03-25,69.0,2.208699941635132,2.285900115966797
2025-03-26,69.6500015258789,2.232800006866455,2.2887001037597656
2025-03-27,69.91999816894531,2.2464001178741455,2.2846999168395996
2025-03-28,69.36000061035156,2.2346999645233154,2.2609000205993652
2025-03-31,71.4800033569336,2.283099889755249,2.313999891281128
2025-04-01,71.19999694824219,2.302500009536743,2.2888998985290527
2025-04-02,71.70999908447266,2.3310000896453857,2.322000026702881
2025-04-03,66.94999694824219,2.164299964904785,2.1888999938964844
2025-04-04,61.9900016784668,2.054500102996826,2.081899881362915
2025-04-07,60.70000076293945,2.0201001167297363,2.0699000358581543
2025-04-08,59.58000183105469,1.9914000034332275,2.056999921798706
2025-04-09,62.349998474121094,2.0383999347686768,2.113600015640259
2025-04-10,60.06999969482422,1.961300015449524,2.0464000701904297
2025-04-11,61.5,1.9990999698638916,2.0652999877929688
2025-04-14,61.529998779296875,2.022200107574463,2.0917000770568848
2025-04-15,61.33000183105469,2.024399995803833,2.078399896621704
2025-04-16,62.470001220703125,2.0434000492095947,2.1154000759124756
2025-04-17,64.68000030517578,2.09879994392395,2.1522998809814453
2025-04-21,63.08000183105469,2.0652999877929688,2.1089000701904297
2025-04-22,64.30999755859375,2.099600076675415,2.1486001014709473
2025-04-23,62.27000045776367,2.083899974822998,2.1268999576568604
2025-04-24,62.790000915527344,2.1057000160217285,2.143699884414673
2025-04-25,63.02000045776367,2.1189000606536865,2.16729998588562
2025-04-28,62.04999923706055,2.105799913406372,2.17549991607666
2025-04-29,60.41999816894531,2.071199893951416,2.1203999519348145
2025-04-30,58.209999084472656,2.0369999408721924,2.0367000102996826
2025-05-01,59.2400016784668,2.0492000579833984,2.01200008392334
2025-05-02,58.290000915527344,2.01990008354187,1.9931999444961548
2025-05-05,57.130001068115234,2.0227999687194824,1.9744999408721924
2025-05-06,59.09000015258789,2.064500093460083,2.0088000297546387
2025-05-07,58.06999969482422,2.0278000831604004,1.9766000509262085
2025-05-08,59.90999984741211,2.085400104522705,2.0399999618530273
2025-05-09,61.02000045776367,2.1084001064300537,2.0664000511169434
2025-05-12,61.95000076293945,2.1331000328063965,2.1110999584198
2025-05-13,63.66999816894531,2.1659998893737793,2.171299934387207
2025-05-14,63.150001525878906,2.1700000762939453,2.2060999870300293
2025-05-15,61.619998931884766,2.134399890899658,2.1659998893737793
2025-05-16,62.4900016784668,2.1417999267578125,2.1405999660491943
2025-05-19,62.689998626708984,2.1387999057769775,2.127700090408325
2025-05-20,62.560001373291016,2.152100086212158,2.1289000511169434
2025-05-21,61.56999969482422,2.1498000621795654,2.1391000747680664
2025-05-22,61.20000076293945,2.131200075149536,2.117500066757202
2025-05-23,61.529998779296875,2.1092000007629395,2.10479998588562
2025-05-27,60.88999938964844,2.071500062942505,2.079400062561035
2025-05-28,61.84000015258789,2.089200019836426,2.088099956512451
2025-05-29,60.939998626708984,2.0594000816345215,2.0481998920440674
2025-05-30,60.790000915527344,2.0383999347686768,2.017199993133545
2025-06-02,62.52000045776367,2.052500009536743,2.0445001125335693
2025-06-03,63.40999984741211,2.0787999629974365,2.099900007247925
2025-06-04,62.849998474121094,2.0339999198913574,2.0701000690460205
2025-06-05,63.369998931884766,2.0629000663757324,2.0945000648498535
2025-06-06,64.58000183105469,2.0768001079559326,2.1252999305725098
2025-06-09,65.29000091552734,2.0952000617980957,2.146399974822998
2025-06-10,64.9800033569336,2.0880000591278076,2.1415998935699463
2025-06-11,68.1500015258789,2.166800022125244,2.2053000926971436
2025-06-12,68.04000091552734,2.142899990081787,2.188699960708618
2025-06-13,72.9800033569336,2.22760009765625,2.3587000370025635
2025-06-16,71.7699966430664,2.219899892807007,2.3933000564575195
2025-06-17,74.83999633789062,2.271899938583374,2.5051000118255615
2025-06-18,75.13999938964844,2.3085999488830566,2.533400058746338
2025-06-20,74.93000030517578,2.3294999599456787,2.541800022125244
2025-06-23,68.51000213623047,2.2181999683380127,2.363100051879883
2025-06-24,64.37000274658203,2.085700035095215,2.285099983215332
2025-06-25,64.91999816894531,2.08240008354187,2.2964000701904297
2025-06-26,65.23999786376953,2.0989999771118164,2.360100030899048
2025-06-27,65.5199966430664,2.0897998809814453,2.3071999549865723
2025-06-30,65.11000061035156,2.0797998905181885,2.3457999229431152
2025-07-01,65.44999694824219,2.1003000736236572,2.326900005340576
2025-07-02,67.44999694824219,2.1229000091552734,2.4117000102996826
2025-07-03,67.0,2.1185998916625977,2.369800090789795
2025-07-04,66.5,2.1171000003814697,2.4089999198913574
2025-07-07,67.93000030517578,2.1521999835968018,2.421099901199341
2025-07-08,68.33000183105469,2.184999942779541,2.4412999153137207
2025-07-09,68.37999725341797,2.1879000663757324,2.4091999530792236
2025-07-10,66.56999969482422,2.152400016784668,2.383500099182129
2025-07-11,68.44999694824219,2.187000036239624,2.4474000930786133
2025-07-14,66.9800033569336,2.1654000282287598,2.3898000717163086
2025-07-15,66.5199966430664,2.169600009918213,2.4052000045776367
2025-07-16,66.37999725341797,2.1440000534057617,2.3914999961853027
2025-07-17,67.54000091552734,2.1703999042510986,2.464600086212158
2025-07-18,67.33999633789062,2.15339994430542,2.453000068664551
2025-07-21,67.19999694824219,2.1319000720977783,2.509200096130371
2025-07-22,66.20999908447266,2.101900100708008,2.4518001079559326
2025-07-23,65.25,2.121299982070923,2.4489998817443848
2025-07-24,66.02999877929688,2.1041998863220215,2.412899971008301
2025-07-25,65.16000366210938,2.0969998836517334,2.4061999320983887
2025-07-28,66.70999908447266,2.135200023651123,2.4265999794006348
2025-07-29,69.20999908447266,2.218400001525879,2.4637999534606934
2025-07-30,70.0,2.2690999507904053,2.4184999465942383
2025-07-31,69.26000213623047,2.21560001373291,2.3994998931884766
2025-08-01,67.33000183105469,2.1185998916625977,2.2999000549316406
2025-08-04,66.29000091552734,2.1022000312805176,2.3176000118255615
2025-08-05,65.16000366210938,2.0915000438690186,2.250200033187866
2025-08-06,64.3499984741211,2.090399980545044,2.2627999782562256
2025-08-07,63.880001068115234,2.077500104904175,2.2667999267578125
2025-08-08,63.880001068115234,2.0861001014709473,2.2792999744415283
2025-08-11,63.959999084472656,2.0766000747680664,2.2909998893737793
2025-08-12,63.16999816894531,2.074399948120117,2.2441000938415527
2025-08-13,62.650001525878906,2.0703999996185303,2.242799997329712
2025-08-14,63.959999084472656,2.1092000007629395,2.234499931335449
2025-08-15,62.79999923706055,2.072499990463257,2.2249999046325684
2025-08-18,63.41999816894531,2.0987000465393066,2.240299940109253
2025-08-19,62.349998474121094,2.0889999866485596,2.2511000633239746
2025-08-20,63.209999084472656,2.1282999515533447,2.279599905014038
2025-08-21,63.52000045776367,2.1596999168395996,2.3250999450683594
2025-08-22,63.65999984741211,2.1584999561309814,2.3080999851226807
2025-08-25,64.80000305175781,2.1482999324798584,2.3475000858306885
2025-08-26,63.25,2.122299909591675,2.2804999351501465
2025-08-27,64.1500015258789,2.148900032043457,2.295300006866455
2025-08-28,64.5999984741211,2.1991000175476074,2.309799909591675
2025-08-29,64.01000213623047,2.1875998973846436,2.266700029373169
2025-09-02,65.58999633789062,2.042799949645996,2.3743999004364014
2025-09-03,63.970001220703125,2.01200008392334,2.3608999252319336
2025-09-04,63.47999954223633,2.009500026702881,2.330699920654297
2025-09-05,61.869998931884766,1.9642000198364258,2.2869999408721924
2025-09-08,62.2599983215332,1.9586000442504883,2.3118999004364014
2025-09-09,62.630001068115234,1.9924999475479126,2.3199000358581543
2025-09-10,63.66999816894531,2.007999897003174,2.333699941635132
2025-09-11,62.369998931884766,1.9793000221252441,2.281899929046631
2025-09-12,62.689998626708984,1.9853999614715576,2.2899999618530273
2025-09-15,63.29999923706055,2.013400077819824,2.3310999870300293
2025-09-16,64.5199966430664,2.041599988937378,2.3935000896453857
2025-09-17,64.05000305175781,2.028700113296509,2.35479998588562
2025-09-18,63.56999969482422,2.011399984359741,2.3399999141693115
2025-09-19,62.68000030517578,1.9707000255584717,2.2988998889923096
2025-09-22,62.63999938964844,1.9781999588012695,2.29229998588562
2025-09-23,63.40999984741211,1.9990999698638916,2.328000068664551
2025-09-24,64.98999786376953,2.0188000202178955,2.37719988822937
2025-09-25,64.9800033569336,2.00219988822937,2.426500082015991
2025-09-26,65.72000122070312,2.037600040435791,2.4289000034332275
2025-09-29,63.45000076293945,1.9951000213623047,2.356600046157837
2025-09-30,62.369998931884766,1.9729000329971313,2.3324999809265137
2025-10-01,61.779998779296875,1.8859000205993652,2.3018999099731445
2025-10-02,60.47999954223633,1.8509999513626099,2.243499994277954
2025-10-03,60.880001068115234,1.8604999780654907,2.236299991607666
2025-10-06,61.689998626708984,1.9016000032424927,2.24429988861084
2025-10-07,61.72999954223633,1.8939000368118286,2.2653000354766846
2025-10-08,62.54999923706055,1.909500002861023,2.291300058364868
2025-10-09,61.5099983215332,1.882599949836731,2.2802999019622803
2025-10-10,58.900001525878906,1.8203999996185303,2.204400062561035
2025-10-13,59.4900016784668,1.8437999486923218,2.2497000694274902
2025-10-14,58.70000076293945,1.8286000490188599,2.1975998878479004
2025-10-15,58.27000045776367,1.8344000577926636,2.174799919128418
2025-10-16,57.459999084472656,1.8116999864578247,2.1535000801086426
2025-10-17,57.540000915527344,1.8377000093460083,2.180000066757202
2025-10-20,57.52000045776367,1.830199956893921,2.1921000480651855
2025-10-21,57.81999969482422,1.8252999782562256,2.2058000564575195
2025-10-22,58.5,1.8650000095367432,2.2495999336242676
2025-10-23,61.790000915527344,1.926900029182434,2.4030001163482666
2025-10-24,61.5,1.922700047492981,2.40310001373291
2025-10-27,61.310001373291016,1.9204000234603882,2.4361000061035156
2025-10-28,60.150001525878906,1.9251999855041504,2.387200117111206
2025-10-29,60.47999954223633,1.9737000465393066,2.424299955368042
2025-10-30,60.56999969482422,2.0034000873565674,2.4600000381469727
2025-10-31,60.97999954223633,1.9931000471115112,2.4312000274658203
2025-11-03,61.04999923706055,1.916100025177002,2.4052999019622803
2025-11-04,60.560001373291016,1.9227999448776245,2.4446001052856445
2025-11-05,59.599998474121094,1.9092999696731567,2.432499885559082
2025-11-06,59.43000030517578,1.9656000137329102,2.4960999488830566
2025-11-07,59.75,1.9402999877929688,2.482100009918213
2025-11-10,60.130001068115234,1.9710999727249146,2.5104000568389893
2025-11-11,61.040000915527344,2.01200008392334,2.575700044631958
2025-11-12,58.4900016784668,1.955399990081787,2.481600046157837
2025-11-13,58.689998626708984,1.9596999883651733,2.4646999835968018
2025-11-14,60.09000015258789,2.0116000175476074,2.531100034713745
2025-11-17,59.90999984741211,1.9901000261306763,2.546999931335449
2025-11-18,60.7400016784668,1.9993000030517578,2.7011001110076904
2025-11-19,59.439998626708984,1.9321000576019287,2.635699987411499
2025-11-20,59.13999938964844,1.9184000492095947,2.5332999229431152
2025-11-21,58.060001373291016,1.8833999633789062,2.456399917602539
2025-11-24,58.84000015258789,1.8966000080108643,2.406100034713745
2025-11-25,57.95000076293945,1.857200026512146,2.353800058364868
2025-11-26,58.650001525878906,1.8890000581741333,2.325500011444092
2025-11-28,58.54999923706055,1.895900011062622,2.3329999446868896
2025-12-01,59.31999969482422,1.868899941444397,2.3399999141693115
2025-12-02,58.63999938964844,1.830299973487854,2.312700033187866
2025-12-03,58.95000076293945,1.8272000551223755,2.300800085067749
2025-12-04,59.66999816894531,1.8271000385284424,2.3036999702453613
2025-12-05,60.08000183105469,1.8341000080108643,2.3629000186920166
2025-12-08,58.880001068115234,1.7980999946594238,2.2981998920440674
2025-12-09,58.25,1.7897000312805176,2.2600998878479004
2025-12-10,58.459999084472656,1.781499981880188,2.2730000019073486
2025-12-11,57.599998474121094,1.7597999572753906,2.2288999557495117
2025-12-12,57.439998626708984,1.7520999908447266,2.197999954223633
2025-12-15,56.81999969482422,1.732300043106079,2.1805999279022217
2025-12-16,55.27000045776367,1.680899977684021,2.1285998821258545
2025-12-17,55.939998626708984,1.6943000555038452,2.1494998931884766
2025-12-18,56.150001525878906,1.701300024986267,2.1315999031066895
2025-12-19,56.65999984741211,1.7081999778747559,2.1219000816345215
2025-12-22,58.0099983215332,1.7422000169754028,2.158099889755249
2025-12-23,58.380001068115234,1.7431999444961548,2.1905999183654785
2025-12-24,58.349998474121094,1.7470999956130981,2.157599925994873
2025-12-26,56.7400016784668,1.697100043296814,2.1070001125335693
2025-12-29,58.08000183105469,1.7151999473571777,2.127500057220459
2025-12-30,57.95000076293945,1.7209999561309814,2.1505000591278076
2025-12-31,57.41999816894531,1.705399990081787,2.1205999851226807
2026-01-02,57.31999969482422,1.698199987411499,2.1150999069213867
2026-01-05,58.31999969482422,1.7200000286102295,2.1428000926971436
2026-01-06,57.130001068115234,1.700600028038025,2.0829999446868896
2026-01-07,55.9900016784668,1.6944999694824219,2.0566999912261963
2026-01-08,57.7599983215332,1.7603000402450562,2.119499921798706
2026-01-09,59.119998931884766,1.7805999517440796,2.134999990463257
2026-01-12,59.5,1.7937999963760376,2.154400110244751
2026-01-13,61.150001525878906,1.8265000581741333,2.2383999824523926
2026-01-14,62.02000045776367,1.830399990081787,2.281899929046631
2026-01-15,59.189998626708984,1.7838000059127808,2.2083001136779785
2026-01-16,59.439998626708984,1.7851999998092651,2.237600088119507
2026-01-20,60.34000015258789,1.823799967765808,2.3385000228881836
2026-01-21,60.619998931884766,1.8573999404907227,2.430500030517578
2026-01-22,59.36000061035156,1.817199945449829,2.36680006980896
2026-01-23,61.06999969482422,1.8509999513626099,2.428499937057495
2026-01-26,60.630001068115234,1.820099949836731,2.568000078201294
2026-01-27,62.38999938964844,1.8652000427246094,2.646199941635132
2026-01-28,63.209999084472656,1.892300009727478,2.666100025177002
2026-01-29,65.41999816894531,1.9199999570846558,2.585400104522705
2026-01-30,65.20999908447266,1.9227999448776245,2.735599994659424
2026-02-02,62.13999938964844,1.8514000177383423,2.359800100326538
2026-02-03,63.209999084472656,1.8978999853134155,2.4093000888824463
2026-02-04,65.13999938964844,1.9651999473571777,2.4700000286102295
2026-02-05,63.290000915527344,1.9265999794006348,2.393199920654297
2026-02-06,63.54999923706055,1.9531999826431274,2.413300037384033
2026-02-09,64.36000061035156,1.9854999780654907,2.4168999195098877
2026-02-10,63.959999084472656,1.9592000246047974,2.3987998962402344
2026-02-11,64.62999725341797,1.9788999557495117,2.4403998851776123
2026-02-12,62.84000015258789,1.9158999919891357,2.392699956893921
2026-02-13,62.88999938964844,1.9110000133514404,2.3879001140594482
2026-02-17,62.33000183105469,1.9143999814987183,2.3905999660491943
2026-02-18,65.19000244140625,1.968000054359436,2.518699884414673
2026-02-19,66.43000030517578,2.0065999031066895,2.6147000789642334
2026-02-20,66.38999938964844,1.9973000288009644,2.5857999324798584
2026-02-23,66.30999755859375,1.9891999959945679,2.6782000064849854
2026-02-24,65.62999725341797,1.9714000225067139,2.6868999004364014
2026-02-25,65.41999816894531,1.9914000034332275,2.6740000247955322
2026-02-26,65.20999908447266,2.0322999954223633,2.612499952316284
2026-02-27,67.0199966430664,2.077899932861328,2.6709001064300537
2026-03-02,71.2300033569336,2.3705999851226807,2.900399923324585
2026-03-03,74.55999755859375,2.45740008354187,3.1868999004364014
2026-03-04,74.66000366210938,2.514899969100952,3.293800115585327
2026-03-05,81.01000213623047,2.6709001064300537,3.614300012588501
2026-03-06,90.9000015258789,2.7465999126434326,3.6224000453948975
2026-03-09,94.7699966430664,2.8083999156951904,3.5866000652313232
2026-03-10,83.44999694824219,2.6403000354766846,3.34660005569458
2026-03-11,87.25,2.788300037384033,3.678800106048584
2026-03-12,95.7300033569336,2.964600086212158,3.898900032043457
2026-03-13,98.70999908447266,3.0413999557495117,4.014699935913086
2026-03-16,93.5,3.0002999305725098,3.8375000953674316
2026-03-17,96.20999908447266,3.1233999729156494,4.0157999992370605
2026-03-18,96.31999969482422,3.0985000133514404,4.197800159454346
2026-03-19,96.13999938964844,3.1270999908447266,4.3420000076293945
2026-03-20,98.31999969482422,3.2862000465393066,4.608399868011475
2026-03-23,88.12999725341797,2.974900007247925,4.056000232696533
2026-03-24,92.3499984741211,3.1480000019073486,4.290900230407715
2026-03-25,90.31999969482422,3.012399911880493,4.00629997253418
2026-03-26,94.4800033569336,3.130199909210205,4.273399829864502
2026-03-27,99.63999938964844,3.2500998973846436,4.495500087738037
2026-03-30,102.87999725341797,3.3515000343322754,4.364299774169922
2026-03-31,101.37999725341797,3.312299966812134,4.163400173187256
2026-04-01,100.12000274658203,3.091399908065796,4.05679988861084
2026-04-02,111.54000091552734,3.2880001068115234,4.361100196838379
2026-04-06,112.41000366210938,3.308199882507324,4.328400135040283
2026-04-07,112.94999694824219,3.3052000999450684,4.477399826049805
2026-04-08,94.41000366210938,3.0058999061584473,3.8083999156951904
2026-04-09,97.87000274658203,3.000699996948242,3.937000036239624
2026-04-10,96.56999969482422,3.0373001098632812,3.7616000175476074
2026-04-13,99.08000183105469,3.115999937057495,3.8341000080108643
2026-04-14,91.27999877929688,3.0394999980926514,3.624300003051758
2026-04-15,91.29000091552734,3.069200038909912,3.753200054168701
2026-04-16,94.69000244140625,3.1637001037597656,3.832900047302246
2026-04-17,83.8499984741211,3.0048000812530518,3.39739990234375
2026-04-20,89.61000061035156,3.11680006980896,3.5408999919891357
2026-04-21,92.12999725341797,3.2098000049591064,3.728800058364868
2026-04-22,92.95999908447266,3.3578999042510986,3.9379000663757324
2026-04-23,95.8499984741211,3.462100028991699,3.9881999492645264
2026-04-24,94.4000015258789,3.462599992752075,3.887399911880493
2026-04-27,96.37000274658203,3.490999937057495,3.9746999740600586
2026-04-28,99.93000030517578,3.5604000091552734,3.9711999893188477
2026-04-29,106.87999725341797,3.7411000728607178,4.198699951171875
2026-04-30,105.06999969482422,3.7715001106262207,4.138400077819824
2026-05-01,101.94000244140625,3.5952000617980957,3.9463999271392822
2026-05-04,106.41999816894531,3.7381999492645264,4.073200225830078
2026-05-05,102.2699966430664,3.6205999851226807,4.030200004577637
2026-05-06,95.08000183105469,3.4593000411987305,3.785599946975708
2026-05-07,94.80999755859375,3.4560000896453857,3.8166000843048096
2026-05-08,95.41999816894531,3.526700019836426,3.8991000652313232
2026-05-11,98.06999969482422,3.5998001098632812,3.968600034713745
2026-05-12,102.18000030517578,3.697700023651123,4.15880012512207
2026-05-13,101.0199966430664,3.6187000274658203,3.9667000770568848
2026-05-14,101.16999816894531,3.6057000160217285,3.905600070953369
2026-05-15,105.41999816894531,3.701900005340576,4.053400039672852
2026-05-18,108.66000366210938,3.760699987411499,4.114500045776367
2026-05-19,107.7699966430664,3.696199893951416,4.162499904632568
2026-05-20,98.26000213623047,3.4874000549316406,3.9470999240875244
2026-05-21,96.3499984741211,3.3796000480651855,3.8315999507904053
2026-05-22,96.5999984741211,3.453900098800659,3.8877999782562256
2026-05-26,93.88999938964844,3.2204999923706055,3.714600086212158
2026-05-27,88.68000030517578,3.133699893951416,3.5975000858306885
2026-05-28,88.9000015258789,3.1851999759674072,3.6187000274658203
2026-05-29,87.36000061035156,3.126699924468994,3.5373001098632812
2026-06-01,92.16000366210938,3.084700107574463,3.639400005340576
2026-06-02,93.76000213623047,3.1442999839782715,3.698699951171875
2026-06-03,96.0199966430664,3.1315999031066895,3.848099946975708
2026-06-04,93.04000091552734,3.038300037384033,3.673799991607666
2026-06-05,90.54000091552734,3.0459001064300537,3.587399959564209
2026-06-08,91.30000305175781,3.0706000328063965,3.599900007247925
2026-06-09,88.19999694824219,3.0211000442504883,3.541800022125244
2026-06-10,90.02999877929688,3.1098999977111816,3.612600088119507
2026-06-11,87.70999908447266,3.1013998985290527,3.5130999088287354
2026-06-12,84.87999725341797,3.049799919128418,3.404400110244751
2026-06-15,80.75,2.947200059890747,3.2664999961853027
2026-06-16,76.05000305175781,2.880500078201294,3.1702001094818115
2026-06-17,76.79000091552734,2.909600019454956,3.1946001052856445
2026-06-18,76.5999984741211,2.9948999881744385,3.1273000240325928
2026-06-22,74.81999969482422,2.986999988555908,3.093100070953369
2026-06-23,73.20999908447266,2.9590001106262207,3.154599905014038
2026-06-24,70.33999633789062,2.8817999362945557,3.1761999130249023
2026-06-25,71.91999816894531,3.0272998809814453,3.2981998920440674
2026-06-26,69.2300033569336,2.9570999145507812,3.208199977874756
2026-06-29,70.75,3.0613999366760254,3.331700086593628
2026-06-30,69.5,3.014400005340576,3.316800117492676
2026-07-01,68.58000183105469,2.945199966430664,3.217900037765503
2026-07-02,68.69000244140625,2.91729998588562,3.1821999549865723
2026-07-06,68.55000305175781,3.0032999515533447,3.2983999252319336
2026-07-07,70.44000244140625,2.953900098800659,3.3017001152038574
2026-07-08,73.5199966430664,3.1033999919891357,3.6575000286102295
2026-07-09,72.08000183105469,3.0387001037597656,3.5715999603271484
2026-07-10,71.41000366210938,2.984600067138672,3.553299903869629
2026-07-13,78.13999938964844,3.166300058364868,3.8236000537872314
2026-07-14,79.33999633789062,3.227299928665161,4.0142998695373535
2026-07-15,79.5999984741211,3.3008999824523926,3.9482998847961426
2026-07-16,78.94999694824219,3.2846999168395996,4.030700206756592
2026-07-17,82.48999786376953,3.392699956893921,4.064599990844727
2026-07-20,83.2300033569336,3.3889999389648438,4.11899995803833
2026-07-21,84.91000366210938,3.405900001525879,4.1265997886657715
2026-07-22,86.83000183105469,3.4147000312805176,4.148799896240234
2026-07-23,92.19000244140625,3.4964001178741455,4.341599941253662
2026-07-24,89.30999755859375,3.395900011062622,4.180600166320801
2026-07-27,82.61000061035156,3.3273000717163086,4.111599922180176
2026-07-28,79.26000213623047,3.3345000743865967,4.150899887084961
2026-07-29,84.45999908447266,3.3977999687194824,4.370100021362305
2026-07-30,83.58999633789062,3.2846999168395996,4.209400177001953
2026-07-31,84.66999816894531,3.22160005569458,4.121500015258789
2026-08-03,80.33999633789062,2.9667000770568848,3.87719988822937
2026-08-04,75.7699966430664,2.8522000312805176,3.7704999446868896
2026-08-05,75.22000122070312,2.8387999534606934,3.7962000370025635
2026-08-06,77.29000091552734,2.938499927520752,3.881999969482422
2026-08-07,78.18000030517578,2.985300064086914,3.902400016784668
2026-08-10,82.12999725341797,3.1354000568389893,4.189799785614014
2026-08-11,83.19999694824219,3.1366000175476074,4.252500057220459
2026-08-12,83.2699966430664,3.153700113296509,4.303999900817871
2026-08-13,81.25,3.128000020980835,4.2505998611450195
2026-08-14,82.4000015258789,3.1840999126434326,4.282899856567383
2026-08-17,84.5,3.2701001167297363,4.437099933624268
2026-08-18,84.94000244140625,3.3017001152038574,4.450099945068359
2026-08-19,85.83000183105469,3.2551000118255615,4.452300071716309
2026-08-20,87.83000183105469,3.2629001140594482,4.480299949645996
2026-08-21,87.05999755859375,3.347899913787842,4.494800090789795
2026-08-24,85.01000213623047,3.2708001136779785,4.2677001953125
2026-08-25,82.36000061035156,3.2528998851776123,4.243800163269043
2026-08-26,82.2300033569336,3.3201000690460205,4.260000228881836
2026-08-27,83.52999877929688,3.384200096130371,4.27869987487793
2026-08-28,83.4000015258789,3.4899001121520996,4.3566999435424805
2026-08-31,85.76000213623047,3.437000036239624,4.495299816131592
2026-09-01,90.22000122070312,3.1350998878479004,4.677299976348877
2026-09-02,91.01000213623047,3.103800058364868,4.682199954986572
2026-09-03,91.30000305175781,3.1349000930786133,4.593599796295166
2026-09-04,91.4800033569336,3.214600086212158,4.540200233459473
2026-09-08,93.02999877929688,3.252500057220459,4.567800045013428
2026-09-09,96.05000305175781,3.210599899291992,4.801000118255615
2026-09-10,102.4800033569336,3.393199920654297,5.057499885559082
2026-09-11,100.05000305175781,3.3071999549865723,4.9593000411987305
2026-09-14,101.38999938964844,3.3171000480651855,4.96150016784668
2026-09-15,105.83000183105469,3.4651999473571777,5.26200008392334
2026-09-16,102.43000030517578,3.484999895095825,5.246500015258789
2026-09-17,101.91000366210938,3.5072999000549316,5.113900184631348
2026-09-18,100.30000305175781,3.527600049972534,5.057799816131592
2026-09-21,95.77999877929688,3.469899892807007,4.889500141143799
2026-09-22,94.58999633789062,3.487499952316284,4.9421000480651855
2026-09-23,92.16000366210938,3.5869998931884766,4.776400089263916
2026-09-24,94.61000061035156,3.5645999908447266,4.730299949645996
2026-09-25,92.41000366210938,3.393399953842163,4.684700012207031
2026-09-28,92.5999984741211,3.3376998901367188,4.755300045013428
2026-09-29,89.37999725341797,3.2781999111175537,4.897900104522705
2026-09-30,90.41999816894531,3.4377999305725098,4.956900119781494
2026-10-01,92.87000274658203,3.402600049972534,4.642000198364258
2026-10-02,91.11000061035156,3.3124001026153564,4.501100063323975
2026-10-05,89.43000030517578,3.2462000846862793,4.545199871063232
2026-10-06,89.44000244140625,3.273200035095215,4.569399833679199
2026-10-07,88.27999877929688,3.2342000007629395,4.622700214385986
